scenario,year,productivity_growth,price_erosion,revenue_erosion,gross_revenue,retention_threshold,asset_retirement_year,cohort_survival
baseline,0.0,0.04,0.12,0.07999999999999999,1.0,0.5,8.664339756999317,1.0
baseline,0.1,0.04,0.12,0.07999999999999999,0.9920319148370607,0.5,8.664339756999317,0.9920319148370607
baseline,0.2,0.04,0.12,0.07999999999999999,0.9841273200552851,0.5,8.664339756999317,0.9841273200552851
baseline,0.3,0.04,0.12,0.07999999999999999,0.9762857097579093,0.5,8.664339756999317,0.9762857097579093
baseline,0.4,0.04,0.12,0.07999999999999999,0.9685065820791976,0.5,8.664339756999317,0.9685065820791976
baseline,0.5,0.04,0.12,0.07999999999999999,0.9607894391523232,0.5,8.664339756999317,0.9607894391523232
baseline,0.6,0.04,0.12,0.07999999999999999,0.9531337870775047,0.5,8.664339756999317,0.9531337870775047
baseline,0.7,0.04,0.12,0.07999999999999999,0.9455391358903963,0.5,8.664339756999317,0.9455391358903963
baseline,0.8,0.04,0.12,0.07999999999999999,0.9380049995307295,0.5,8.664339756999317,0.9380049995307295
baseline,0.9,0.04,0.12,0.07999999999999999,0.9305308958112057,0.5,8.664339756999317,0.9305308958112057
baseline,1.0,0.04,0.12,0.07999999999999999,0.9231163463866358,0.5,8.664339756999317,0.9231163463866358
baseline,1.1,0.04,0.12,0.07999999999999999,0.9157608767233256,0.5,8.664339756999317,0.9157608767233256
baseline,1.2,0.04,0.12,0.07999999999999999,0.9084640160687062,0.5,8.664339756999317,0.9084640160687062
baseline,1.3,0.04,0.12,0.07999999999999999,0.9012252974212048,0.5,8.664339756999317,0.9012252974212048
baseline,1.4,0.04,0.12,0.07999999999999999,0.8940442575003573,0.5,8.664339756999317,0.8940442575003573
baseline,1.5,0.04,0.12,0.07999999999999999,0.8869204367171575,0.5,8.664339756999317,0.8869204367171575
baseline,1.6,0.04,0.12,0.07999999999999999,0.8798533791446439,0.5,8.664339756999317,0.8798533791446439
baseline,1.7,0.04,0.12,0.07999999999999999,0.8728426324887193,0.5,8.664339756999317,0.8728426324887193
baseline,1.8,0.04,0.12,0.07999999999999999,0.865887748059205,0.5,8.664339756999317,0.865887748059205
baseline,1.9,0.04,0.12,0.07999999999999999,0.8589882807411235,0.5,8.664339756999317,0.8589882807411235
baseline,2.0,0.04,0.12,0.07999999999999999,0.8521437889662113,0.5,8.664339756999317,0.8521437889662113
baseline,2.1,0.04,0.12,0.07999999999999999,0.8453538346846587,0.5,8.664339756999317,0.8453538346846587
baseline,2.2,0.04,0.12,0.07999999999999999,0.838617983337074,0.5,8.664339756999317,0.838617983337074
baseline,2.3,0.04,0.12,0.07999999999999999,0.8319358038266718,0.5,8.664339756999317,0.8319358038266718
baseline,2.4,0.04,0.12,0.07999999999999999,0.8253068684916824,0.5,8.664339756999317,0.8253068684916824
baseline,2.5,0.04,0.12,0.07999999999999999,0.8187307530779819,0.5,8.664339756999317,0.8187307530779819
baseline,2.6,0.04,0.12,0.07999999999999999,0.8122070367119391,0.5,8.664339756999317,0.8122070367119391
baseline,2.7,0.04,0.12,0.07999999999999999,0.8057353018734796,0.5,8.664339756999317,0.8057353018734796
baseline,2.8,0.04,0.12,0.07999999999999999,0.7993151343693652,0.5,8.664339756999317,0.7993151343693652
baseline,2.9,0.04,0.12,0.07999999999999999,0.7929461233066837,0.5,8.664339756999317,0.7929461233066837
baseline,3.0,0.04,0.12,0.07999999999999999,0.7866278610665535,0.5,8.664339756999317,0.7866278610665535
baseline,3.1,0.04,0.12,0.07999999999999999,0.7803599432780343,0.5,8.664339756999317,0.7803599432780343
baseline,3.2,0.04,0.12,0.07999999999999999,0.7741419687922484,0.5,8.664339756999317,0.7741419687922484
baseline,3.3,0.04,0.12,0.07999999999999999,0.7679735396567062,0.5,8.664339756999317,0.7679735396567062
baseline,3.4,0.04,0.12,0.07999999999999999,0.7618542610898376,0.5,8.664339756999317,0.7618542610898376
baseline,3.5,0.04,0.12,0.07999999999999999,0.7557837414557255,0.5,8.664339756999317,0.7557837414557255
baseline,3.6,0.04,0.12,0.07999999999999999,0.7497615922390413,0.5,8.664339756999317,0.7497615922390413
baseline,3.7,0.04,0.12,0.07999999999999999,0.7437874280201796,0.5,8.664339756999317,0.7437874280201796
baseline,3.8,0.04,0.12,0.07999999999999999,0.7378608664505912,0.5,8.664339756999317,0.7378608664505912
baseline,3.9,0.04,0.12,0.07999999999999999,0.7319815282283126,0.5,8.664339756999317,0.7319815282283126
baseline,4.0,0.04,0.12,0.07999999999999999,0.7261490370736909,0.5,8.664339756999317,0.7261490370736909
baseline,4.1,0.04,0.12,0.07999999999999999,0.7203630197053014,0.5,8.664339756999317,0.7203630197053014
baseline,4.2,0.04,0.12,0.07999999999999999,0.7146231058160574,0.5,8.664339756999317,0.7146231058160574
baseline,4.3,0.04,0.12,0.07999999999999999,0.7089289280495108,0.5,8.664339756999317,0.7089289280495108
baseline,4.4,0.04,0.12,0.07999999999999999,0.7032801219763409,0.5,8.664339756999317,0.7032801219763409
baseline,4.5,0.04,0.12,0.07999999999999999,0.6976763260710311,0.5,8.664339756999317,0.6976763260710311
baseline,4.6,0.04,0.12,0.07999999999999999,0.6921171816887305,0.5,8.664339756999317,0.6921171816887305
baseline,4.7,0.04,0.12,0.07999999999999999,0.6866023330423011,0.5,8.664339756999317,0.6866023330423011
baseline,4.8,0.04,0.12,0.07999999999999999,0.6811314271795471,0.5,8.664339756999317,0.6811314271795471
baseline,4.9,0.04,0.12,0.07999999999999999,0.6757041139606261,0.5,8.664339756999317,0.6757041139606261
baseline,5.0,0.04,0.12,0.07999999999999999,0.6703200460356393,0.5,8.664339756999317,0.6703200460356393
baseline,5.1,0.04,0.12,0.07999999999999999,0.6649788788224019,0.5,8.664339756999317,0.6649788788224019
baseline,5.2,0.04,0.12,0.07999999999999999,0.6596802704843892,0.5,8.664339756999317,0.6596802704843892
baseline,5.3,0.04,0.12,0.07999999999999999,0.6544238819088586,0.5,8.664339756999317,0.6544238819088586
baseline,5.4,0.04,0.12,0.07999999999999999,0.6492093766851474,0.5,8.664339756999317,0.6492093766851474
baseline,5.5,0.04,0.12,0.07999999999999999,0.6440364210831414,0.5,8.664339756999317,0.6440364210831414
baseline,5.6,0.04,0.12,0.07999999999999999,0.6389046840319162,0.5,8.664339756999317,0.6389046840319162
baseline,5.7,0.04,0.12,0.07999999999999999,0.6338138370985491,0.5,8.664339756999317,0.6338138370985491
baseline,5.8,0.04,0.12,0.07999999999999999,0.6287635544670984,0.5,8.664339756999317,0.6287635544670984
baseline,5.9,0.04,0.12,0.07999999999999999,0.6237535129177522,0.5,8.664339756999317,0.6237535129177522
baseline,6.0,0.04,0.12,0.07999999999999999,0.618783391806141,0.5,8.664339756999317,0.618783391806141
baseline,6.1,0.04,0.12,0.07999999999999999,0.6138528730428171,0.5,8.664339756999317,0.6138528730428171
baseline,6.2,0.04,0.12,0.07999999999999999,0.6089616410728969,0.5,8.664339756999317,0.6089616410728969
baseline,6.3,0.04,0.12,0.07999999999999999,0.6041093828558648,0.5,8.664339756999317,0.6041093828558648
baseline,6.4,0.04,0.12,0.07999999999999999,0.5992957878455385,0.5,8.664339756999317,0.5992957878455385
baseline,6.5,0.04,0.12,0.07999999999999999,0.5945205479701944,0.5,8.664339756999317,0.5945205479701944
baseline,6.6,0.04,0.12,0.07999999999999999,0.5897833576128505,0.5,8.664339756999317,0.5897833576128505
baseline,6.7,0.04,0.12,0.07999999999999999,0.585083913591707,0.5,8.664339756999317,0.585083913591707
baseline,6.8,0.04,0.12,0.07999999999999999,0.5804219151407424,0.5,8.664339756999317,0.5804219151407424
baseline,6.9,0.04,0.12,0.07999999999999999,0.5757970638904646,0.5,8.664339756999317,0.5757970638904646
baseline,7.0,0.04,0.12,0.07999999999999999,0.5712090638488149,0.5,8.664339756999317,0.5712090638488149
baseline,7.1,0.04,0.12,0.07999999999999999,0.5666576213822248,0.5,8.664339756999317,0.5666576213822248
baseline,7.2,0.04,0.12,0.07999999999999999,0.5621424451968224,0.5,8.664339756999317,0.5621424451968224
baseline,7.3,0.04,0.12,0.07999999999999999,0.5576632463197913,0.5,8.664339756999317,0.5576632463197913
baseline,7.4,0.04,0.12,0.07999999999999999,0.5532197380808739,0.5,8.664339756999317,0.5532197380808739
baseline,7.5,0.04,0.12,0.07999999999999999,0.5488116360940265,0.5,8.664339756999317,0.5488116360940265
baseline,7.6,0.04,0.12,0.07999999999999999,0.5444386582392172,0.5,8.664339756999317,0.5444386582392172
baseline,7.7,0.04,0.12,0.07999999999999999,0.5401005246443706,0.5,8.664339756999317,0.5401005246443706
baseline,7.8,0.04,0.12,0.07999999999999999,0.535796957667456,0.5,8.664339756999317,0.535796957667456
baseline,7.9,0.04,0.12,0.07999999999999999,0.531527681878718,0.5,8.664339756999317,0.531527681878718
baseline,8.0,0.04,0.12,0.07999999999999999,0.5272924240430487,0.5,8.664339756999317,0.5272924240430487
baseline,8.1,0.04,0.12,0.07999999999999999,0.5230909131025009,0.5,8.664339756999317,0.5230909131025009
baseline,8.2,0.04,0.12,0.07999999999999999,0.5189228801589405,0.5,8.664339756999317,0.5189228801589405
baseline,8.3,0.04,0.12,0.07999999999999999,0.5147880584568362,0.5,8.664339756999317,0.5147880584568362
baseline,8.4,0.04,0.12,0.07999999999999999,0.5106861833661879,0.5,8.664339756999317,0.5106861833661879
baseline,8.5,0.04,0.12,0.07999999999999999,0.5066169923655897,0.5,8.664339756999317,0.5066169923655897
baseline,8.6,0.04,0.12,0.07999999999999999,0.5025802250254284,0.5,8.664339756999317,0.5025802250254284
baseline,8.7,0.04,0.12,0.07999999999999999,0.4985756229912166,0.5,8.664339756999317,0.4985756229912166
baseline,8.8,0.04,0.12,0.07999999999999999,0.494602929967057,0.5,8.664339756999317,0.494602929967057
baseline,8.9,0.04,0.12,0.07999999999999999,0.4906618916992401,0.5,8.664339756999317,0.4906618916992401
baseline,9.0,0.04,0.12,0.07999999999999999,0.48675225595997174,0.5,8.664339756999317,0.48675225595997174
baseline,9.1,0.04,0.12,0.07999999999999999,0.4828737725312298,0.5,8.664339756999317,0.4828737725312298
baseline,9.2,0.04,0.12,0.07999999999999999,0.4790261931887511,0.5,8.664339756999317,0.4790261931887511
baseline,9.3,0.04,0.12,0.07999999999999999,0.47520927168614446,0.5,8.664339756999317,0.47520927168614446
baseline,9.4,0.04,0.12,0.07999999999999999,0.47142276373913095,0.5,8.664339756999317,0.47142276373913095
baseline,9.5,0.04,0.12,0.07999999999999999,0.4676664270099093,0.5,8.664339756999317,0.4676664270099093
baseline,9.6,0.04,0.12,0.07999999999999999,0.4639400210916467,0.5,8.664339756999317,0.4639400210916467
baseline,9.7,0.04,0.12,0.07999999999999999,0.46024330749309267,0.5,8.664339756999317,0.46024330749309267
baseline,9.8,0.04,0.12,0.07999999999999999,0.4565760496233148,0.5,8.664339756999317,0.4565760496233148
baseline,9.9,0.04,0.12,0.07999999999999999,0.45293801277655776,0.5,8.664339756999317,0.45293801277655776
baseline,10.0,0.04,0.12,0.07999999999999999,0.4493289641172217,0.5,8.664339756999317,0.4493289641172217
baseline,10.1,0.04,0.12,0.07999999999999999,0.4457486726649603,0.5,8.664339756999317,0.4457486726649603
baseline,10.2,0.04,0.12,0.07999999999999999,0.44219690927989874,0.5,8.664339756999317,0.44219690927989874
baseline,10.3,0.04,0.12,0.07999999999999999,0.43867344664796787,0.5,8.664339756999317,0.43867344664796787
baseline,10.4,0.04,0.12,0.07999999999999999,0.4351780592663568,0.5,8.664339756999317,0.4351780592663568
baseline,10.5,0.04,0.12,0.07999999999999999,0.43171052342907973,0.5,8.664339756999317,0.43171052342907973
baseline,10.6,0.04,0.12,0.07999999999999999,0.4282706172126597,0.5,8.664339756999317,0.4282706172126597
baseline,10.7,0.04,0.12,0.07999999999999999,0.42485812046192467,0.5,8.664339756999317,0.42485812046192467
baseline,10.8,0.04,0.12,0.07999999999999999,0.42147281477591764,0.5,8.664339756999317,0.42147281477591764
baseline,10.9,0.04,0.12,0.07999999999999999,0.4181144834939194,0.5,8.664339756999317,0.4181144834939194
baseline,11.0,0.04,0.12,0.07999999999999999,0.41478291168158143,0.5,8.664339756999317,0.41478291168158143
baseline,11.1,0.04,0.12,0.07999999999999999,0.4114778861171707,0.5,8.664339756999317,0.4114778861171707
baseline,11.2,0.04,0.12,0.07999999999999999,0.40819919527792276,0.5,8.664339756999317,0.40819919527792276
baseline,11.3,0.04,0.12,0.07999999999999999,0.40494662932650494,0.5,8.664339756999317,0.40494662932650494
baseline,11.4,0.04,0.12,0.07999999999999999,0.4017199800975861,0.5,8.664339756999317,0.4017199800975861
baseline,11.5,0.04,0.12,0.07999999999999999,0.39851904108451425,0.5,8.664339756999317,0.39851904108451425
baseline,11.6,0.04,0.12,0.07999999999999999,0.3953436074260999,0.5,8.664339756999317,0.3953436074260999
baseline,11.7,0.04,0.12,0.07999999999999999,0.39219347589350506,0.5,8.664339756999317,0.39219347589350506
baseline,11.8,0.04,0.12,0.07999999999999999,0.38906844487723635,0.5,8.664339756999317,0.38906844487723635
baseline,11.9,0.04,0.12,0.07999999999999999,0.38596831437424217,0.5,8.664339756999317,0.38596831437424217
baseline,12.0,0.04,0.12,0.07999999999999999,0.38289288597511206,0.5,8.664339756999317,0.38289288597511206
baseline,12.1,0.04,0.12,0.07999999999999999,0.3798419628513787,0.5,8.664339756999317,0.3798419628513787
baseline,12.2,0.04,0.12,0.07999999999999999,0.37681534974292097,0.5,8.664339756999317,0.37681534974292097
baseline,12.3,0.04,0.12,0.07999999999999999,0.3738128529454665,0.5,8.664339756999317,0.3738128529454665
baseline,12.4,0.04,0.12,0.07999999999999999,0.3708342802981957,0.5,8.664339756999317,0.3708342802981957
baseline,12.5,0.04,0.12,0.07999999999999999,0.3678794411714424,0.5,8.664339756999317,0.3678794411714424
baseline,12.6,0.04,0.12,0.07999999999999999,0.3649481464544938,0.5,8.664339756999317,0.3649481464544938
baseline,12.7,0.04,0.12,0.07999999999999999,0.3620402085434875,0.5,8.664339756999317,0.3620402085434875
baseline,12.8,0.04,0.12,0.07999999999999999,0.3591554413294047,0.5,8.664339756999317,0.3591554413294047
baseline,12.9,0.04,0.12,0.07999999999999999,0.35629366018615893,0.5,8.664339756999317,0.35629366018615893
baseline,13.0,0.04,0.12,0.07999999999999999,0.3534546819587802,0.5,8.664339756999317,0.3534546819587802
baseline,13.1,0.04,0.12,0.07999999999999999,0.350638324951693,0.5,8.664339756999317,0.350638324951693
baseline,13.2,0.04,0.12,0.07999999999999999,0.3478444089170875,0.5,8.664339756999317,0.3478444089170875
baseline,13.3,0.04,0.12,0.07999999999999999,0.34507275504338386,0.5,8.664339756999317,0.34507275504338386
baseline,13.4,0.04,0.12,0.07999999999999999,0.342323185943788,0.5,8.664339756999317,0.342323185943788
baseline,13.5,0.04,0.12,0.07999999999999999,0.3395955256449392,0.5,8.664339756999317,0.3395955256449392
baseline,13.6,0.04,0.12,0.07999999999999999,0.3368895995756472,0.5,8.664339756999317,0.3368895995756472
baseline,13.7,0.04,0.12,0.07999999999999999,0.3342052345557199,0.5,8.664339756999317,0.3342052345557199
baseline,13.8,0.04,0.12,0.07999999999999999,0.33154225878487975,0.5,8.664339756999317,0.33154225878487975
baseline,13.9,0.04,0.12,0.07999999999999999,0.32890050183176855,0.5,8.664339756999317,0.32890050183176855
baseline,14.0,0.04,0.12,0.07999999999999999,0.3262797946230395,0.5,8.664339756999317,0.3262797946230395
baseline,14.1,0.04,0.12,0.07999999999999999,0.3236799694325368,0.5,8.664339756999317,0.3236799694325368
baseline,14.2,0.04,0.12,0.07999999999999999,0.32110085987056075,0.5,8.664339756999317,0.32110085987056075
baseline,14.3,0.04,0.12,0.07999999999999999,0.318542300873219,0.5,8.664339756999317,0.318542300873219
baseline,14.4,0.04,0.12,0.07999999999999999,0.31600412869186256,0.5,8.664339756999317,0.31600412869186256
baseline,14.5,0.04,0.12,0.07999999999999999,0.3134861808826053,0.5,8.664339756999317,0.3134861808826053
baseline,14.6,0.04,0.12,0.07999999999999999,0.31098829629592817,0.5,8.664339756999317,0.31098829629592817
baseline,14.7,0.04,0.12,0.07999999999999999,0.3085103150663648,0.5,8.664339756999317,0.3085103150663648
baseline,14.8,0.04,0.12,0.07999999999999999,0.3060520786022707,0.5,8.664339756999317,0.3060520786022707
baseline,14.9,0.04,0.12,0.07999999999999999,0.30361342957567317,0.5,8.664339756999317,0.30361342957567317
baseline,15.0,0.04,0.12,0.07999999999999999,0.3011942119122022,0.5,8.664339756999317,0.3011942119122022
baseline,15.1,0.04,0.12,0.07999999999999999,0.2987942707811013,0.5,8.664339756999317,0.2987942707811013
baseline,15.2,0.04,0.12,0.07999999999999999,0.29641345258531915,0.5,8.664339756999317,0.29641345258531915
baseline,15.3,0.04,0.12,0.07999999999999999,0.29405160495167837,0.5,8.664339756999317,0.29405160495167837
baseline,15.4,0.04,0.12,0.07999999999999999,0.29170857672112444,0.5,8.664339756999317,0.29170857672112444
baseline,15.5,0.04,0.12,0.07999999999999999,0.2893842179390507,0.5,8.664339756999317,0.2893842179390507
baseline,15.6,0.04,0.12,0.07999999999999999,0.2870783798457017,0.5,8.664339756999317,0.2870783798457017
baseline,15.7,0.04,0.12,0.07999999999999999,0.28479091486665253,0.5,8.664339756999317,0.28479091486665253
baseline,15.8,0.04,0.12,0.07999999999999999,0.28252167660336364,0.5,8.664339756999317,0.28252167660336364
baseline,15.9,0.04,0.12,0.07999999999999999,0.2802705198238116,0.5,8.664339756999317,0.2802705198238116
baseline,16.0,0.04,0.12,0.07999999999999999,0.2780373004531942,0.5,8.664339756999317,0.2780373004531942
baseline,16.1,0.04,0.12,0.07999999999999999,0.2758218755647094,0.5,8.664339756999317,0.2758218755647094
baseline,16.2,0.04,0.12,0.07999999999999999,0.2736241033704081,0.5,8.664339756999317,0.2736241033704081
baseline,16.3,0.04,0.12,0.07999999999999999,0.2714438432121198,0.5,8.664339756999317,0.2714438432121198
baseline,16.4,0.04,0.12,0.07999999999999999,0.2692809555524501,0.5,8.664339756999317,0.2692809555524501
baseline,16.5,0.04,0.12,0.07999999999999999,0.2671353019658504,0.5,8.664339756999317,0.2671353019658504
baseline,16.6,0.04,0.12,0.07999999999999999,0.26500674512975897,0.5,8.664339756999317,0.26500674512975897
baseline,16.7,0.04,0.12,0.07999999999999999,0.2628951488158118,0.5,8.664339756999317,0.2628951488158118
baseline,16.8,0.04,0.12,0.07999999999999999,0.2608003778811237,0.5,8.664339756999317,0.2608003778811237
baseline,16.9,0.04,0.12,0.07999999999999999,0.25872229825964016,0.5,8.664339756999317,0.25872229825964016
baseline,17.0,0.04,0.12,0.07999999999999999,0.25666077695355594,0.5,8.664339756999317,0.25666077695355594
baseline,17.1,0.04,0.12,0.07999999999999999,0.2546156820248038,0.5,8.664339756999317,0.2546156820248038
baseline,17.2,0.04,0.12,0.07999999999999999,0.25258688258661033,0.5,8.664339756999317,0.25258688258661033
baseline,17.3,0.04,0.12,0.07999999999999999,0.2505742487951188,0.5,8.664339756999317,0.2505742487951188
baseline,17.4,0.04,0.12,0.07999999999999999,0.24857765184107977,0.5,8.664339756999317,0.24857765184107977
baseline,17.5,0.04,0.12,0.07999999999999999,0.24659696394160655,0.5,8.664339756999317,0.24659696394160655
baseline,17.6,0.04,0.12,0.07999999999999999,0.2446320583319975,0.5,8.664339756999317,0.2446320583319975
baseline,17.7,0.04,0.12,0.07999999999999999,0.24268280925762303,0.5,8.664339756999317,0.24268280925762303
baseline,17.8,0.04,0.12,0.07999999999999999,0.24074909196587688,0.5,8.664339756999317,0.24074909196587688
baseline,17.9,0.04,0.12,0.07999999999999999,0.2388307826981925,0.5,8.664339756999317,0.2388307826981925
baseline,18.0,0.04,0.12,0.07999999999999999,0.23692775868212182,0.5,8.664339756999317,0.23692775868212182
baseline,18.1,0.04,0.12,0.07999999999999999,0.23503989812347828,0.5,8.664339756999317,0.23503989812347828
baseline,18.2,0.04,0.12,0.07999999999999999,0.23316708019854185,0.5,8.664339756999317,0.23316708019854185
baseline,18.3,0.04,0.12,0.07999999999999999,0.23130918504632597,0.5,8.664339756999317,0.23130918504632597
baseline,18.4,0.04,0.12,0.07999999999999999,0.22946609376090674,0.5,8.664339756999317,0.22946609376090674
baseline,18.5,0.04,0.12,0.07999999999999999,0.2276376883838128,0.5,8.664339756999317,0.2276376883838128
baseline,18.6,0.04,0.12,0.07999999999999999,0.22582385189647586,0.5,8.664339756999317,0.22582385189647586
baseline,18.7,0.04,0.12,0.07999999999999999,0.2240244682127418,0.5,8.664339756999317,0.2240244682127418
baseline,18.8,0.04,0.12,0.07999999999999999,0.22223942217144046,0.5,8.664339756999317,0.22223942217144046
baseline,18.9,0.04,0.12,0.07999999999999999,0.22046859952901604,0.5,8.664339756999317,0.22046859952901604
baseline,19.0,0.04,0.12,0.07999999999999999,0.2187118869522148,0.5,8.664339756999317,0.2187118869522148
baseline,19.1,0.04,0.12,0.07999999999999999,0.21696917201083238,0.5,8.664339756999317,0.21696917201083238
baseline,19.2,0.04,0.12,0.07999999999999999,0.21524034317051763,0.5,8.664339756999317,0.21524034317051763
baseline,19.3,0.04,0.12,0.07999999999999999,0.21352528978563465,0.5,8.664339756999317,0.21352528978563465
baseline,19.4,0.04,0.12,0.07999999999999999,0.21182390209218147,0.5,8.664339756999317,0.21182390209218147
baseline,19.5,0.04,0.12,0.07999999999999999,0.21013607120076477,0.5,8.664339756999317,0.21013607120076477
baseline,19.6,0.04,0.12,0.07999999999999999,0.20846168908963159,0.5,8.664339756999317,0.20846168908963159
baseline,19.7,0.04,0.12,0.07999999999999999,0.20680064859775527,0.5,8.664339756999317,0.20680064859775527
baseline,19.8,0.04,0.12,0.07999999999999999,0.2051528434179772,0.5,8.664339756999317,0.2051528434179772
baseline,19.9,0.04,0.12,0.07999999999999999,0.20351816809020362,0.5,8.664339756999317,0.20351816809020362
baseline,20.0,0.04,0.12,0.07999999999999999,0.20189651799465547,0.5,8.664339756999317,0.20189651799465547
baseline,20.1,0.04,0.12,0.07999999999999999,0.2002877893451731,0.5,8.664339756999317,0.2002877893451731
baseline,20.2,0.04,0.12,0.07999999999999999,0.19869187918257394,0.5,8.664339756999317,0.19869187918257394
baseline,20.3,0.04,0.12,0.07999999999999999,0.1971086853680627,0.5,8.664339756999317,0.1971086853680627
baseline,20.4,0.04,0.12,0.07999999999999999,0.195538106576695,0.5,8.664339756999317,0.195538106576695
baseline,20.5,0.04,0.12,0.07999999999999999,0.19398004229089197,0.5,8.664339756999317,0.19398004229089197
baseline,20.6,0.04,0.12,0.07999999999999999,0.1924343927940075,0.5,8.664339756999317,0.1924343927940075
baseline,20.7,0.04,0.12,0.07999999999999999,0.19090105916394637,0.5,8.664339756999317,0.19090105916394637
baseline,20.8,0.04,0.12,0.07999999999999999,0.18937994326683272,0.5,8.664339756999317,0.18937994326683272
baseline,20.9,0.04,0.12,0.07999999999999999,0.18787094775072996,0.5,8.664339756999317,0.18787094775072996
baseline,21.0,0.04,0.12,0.07999999999999999,0.18637397603941003,0.5,8.664339756999317,0.18637397603941003
baseline,21.1,0.04,0.12,0.07999999999999999,0.18488893232617234,0.5,8.664339756999317,0.18488893232617234
baseline,21.2,0.04,0.12,0.07999999999999999,0.1834157215677125,0.5,8.664339756999317,0.1834157215677125
baseline,21.3,0.04,0.12,0.07999999999999999,0.18195424947803898,0.5,8.664339756999317,0.18195424947803898
baseline,21.4,0.04,0.12,0.07999999999999999,0.1805044225224393,0.5,8.664339756999317,0.1805044225224393
baseline,21.5,0.04,0.12,0.07999999999999999,0.17906614791149328,0.5,8.664339756999317,0.17906614791149328
baseline,21.6,0.04,0.12,0.07999999999999999,0.17763933359513498,0.5,8.664339756999317,0.17763933359513498
baseline,21.7,0.04,0.12,0.07999999999999999,0.17622388825676116,0.5,8.664339756999317,0.17622388825676116
baseline,21.8,0.04,0.12,0.07999999999999999,0.174819721307387,0.5,8.664339756999317,0.174819721307387
baseline,21.9,0.04,0.12,0.07999999999999999,0.17342674287984844,0.5,8.664339756999317,0.17342674287984844
baseline,22.0,0.04,0.12,0.07999999999999999,0.17204486382305056,0.5,8.664339756999317,0.17204486382305056
baseline,22.1,0.04,0.12,0.07999999999999999,0.17067399569626218,0.5,8.664339756999317,0.17067399569626218
baseline,22.2,0.04,0.12,0.07999999999999999,0.16931405076345526,0.5,8.664339756999317,0.16931405076345526
baseline,22.3,0.04,0.12,0.07999999999999999,0.16796494198768977,0.5,8.664339756999317,0.16796494198768977
baseline,22.4,0.04,0.12,0.07999999999999999,0.16662658302554373,0.5,8.664339756999317,0.16662658302554373
baseline,22.5,0.04,0.12,0.07999999999999999,0.16529888822158656,0.5,8.664339756999317,0.16529888822158656
baseline,22.6,0.04,0.12,0.07999999999999999,0.16398177260289776,0.5,8.664339756999317,0.16398177260289776
baseline,22.7,0.04,0.12,0.07999999999999999,0.16267515187362816,0.5,8.664339756999317,0.16267515187362816
baseline,22.8,0.04,0.12,0.07999999999999999,0.16137894240960496,0.5,8.664339756999317,0.16137894240960496
baseline,22.9,0.04,0.12,0.07999999999999999,0.16009306125298017,0.5,8.664339756999317,0.16009306125298017
baseline,23.0,0.04,0.12,0.07999999999999999,0.15881742610692076,0.5,8.664339756999317,0.15881742610692076
baseline,23.1,0.04,0.12,0.07999999999999999,0.15755195533034194,0.5,8.664339756999317,0.15755195533034194
baseline,23.2,0.04,0.12,0.07999999999999999,0.15629656793268218,0.5,8.664339756999317,0.15629656793268218
baseline,23.3,0.04,0.12,0.07999999999999999,0.15505118356871941,0.5,8.664339756999317,0.15505118356871941
baseline,23.4,0.04,0.12,0.07999999999999999,0.15381572253342934,0.5,8.664339756999317,0.15381572253342934
baseline,23.5,0.04,0.12,0.07999999999999999,0.15259010575688392,0.5,8.664339756999317,0.15259010575688392
baseline,23.6,0.04,0.12,0.07999999999999999,0.15137425479919112,0.5,8.664339756999317,0.15137425479919112
baseline,23.7,0.04,0.12,0.07999999999999999,0.1501680918454747,0.5,8.664339756999317,0.1501680918454747
baseline,23.8,0.04,0.12,0.07999999999999999,0.14897153970089386,0.5,8.664339756999317,0.14897153970089386
baseline,23.9,0.04,0.12,0.07999999999999999,0.14778452178570292,0.5,8.664339756999317,0.14778452178570292
baseline,24.0,0.04,0.12,0.07999999999999999,0.14660696213035018,0.5,8.664339756999317,0.14660696213035018
baseline,24.1,0.04,0.12,0.07999999999999999,0.14543878537061572,0.5,8.664339756999317,0.14543878537061572
baseline,24.2,0.04,0.12,0.07999999999999999,0.1442799167427882,0.5,8.664339756999317,0.1442799167427882
baseline,24.3,0.04,0.12,0.07999999999999999,0.14313028207887984,0.5,8.664339756999317,0.14313028207887984
baseline,24.4,0.04,0.12,0.07999999999999999,0.14198980780187984,0.5,8.664339756999317,0.14198980780187984
baseline,24.5,0.04,0.12,0.07999999999999999,0.14085842092104503,0.5,8.664339756999317,0.14085842092104503
baseline,24.6,0.04,0.12,0.07999999999999999,0.13973604902722897,0.5,8.664339756999317,0.13973604902722897
baseline,24.7,0.04,0.12,0.07999999999999999,0.13862262028824737,0.5,8.664339756999317,0.13862262028824737
baseline,24.8,0.04,0.12,0.07999999999999999,0.1375180634442808,0.5,8.664339756999317,0.1375180634442808
baseline,24.9,0.04,0.12,0.07999999999999999,0.1364223078033143,0.5,8.664339756999317,0.1364223078033143
baseline,25.0,0.04,0.12,0.07999999999999999,0.13533528323661273,0.5,8.664339756999317,0.13533528323661273
baseline,25.1,0.04,0.12,0.07999999999999999,0.13425692017423285,0.5,8.664339756999317,0.13425692017423285
baseline,25.2,0.04,0.12,0.07999999999999999,0.13318714960057065,0.5,8.664339756999317,0.13318714960057065
baseline,25.3,0.04,0.12,0.07999999999999999,0.13212590304994418,0.5,8.664339756999317,0.13212590304994418
baseline,25.4,0.04,0.12,0.07999999999999999,0.13107311260221194,0.5,8.664339756999317,0.13107311260221194
baseline,25.5,0.04,0.12,0.07999999999999999,0.13002871087842596,0.5,8.664339756999317,0.13002871087842596
baseline,25.6,0.04,0.12,0.07999999999999999,0.12899263103651945,0.5,8.664339756999317,0.12899263103651945
baseline,25.7,0.04,0.12,0.07999999999999999,0.12796480676702884,0.5,8.664339756999317,0.12796480676702884
baseline,25.8,0.04,0.12,0.07999999999999999,0.12694517228885008,0.5,8.664339756999317,0.12694517228885008
baseline,25.9,0.04,0.12,0.07999999999999999,0.1259336623450285,0.5,8.664339756999317,0.1259336623450285
baseline,26.0,0.04,0.12,0.07999999999999999,0.12493021219858247,0.5,8.664339756999317,0.12493021219858247
baseline,26.1,0.04,0.12,0.07999999999999999,0.12393475762836008,0.5,8.664339756999317,0.12393475762836008
baseline,26.2,0.04,0.12,0.07999999999999999,0.12294723492492905,0.5,8.664339756999317,0.12294723492492905
baseline,26.3,0.04,0.12,0.07999999999999999,0.12196758088649931,0.5,8.664339756999317,0.12196758088649931
baseline,26.4,0.04,0.12,0.07999999999999999,0.12099573281487798,0.5,8.664339756999317,0.12099573281487798
baseline,26.5,0.04,0.12,0.07999999999999999,0.12003162851145678,0.5,8.664339756999317,0.12003162851145678
baseline,26.6,0.04,0.12,0.07999999999999999,0.11907520627323119,0.5,8.664339756999317,0.11907520627323119
baseline,26.7,0.04,0.12,0.07999999999999999,0.11812640488885151,0.5,8.664339756999317,0.11812640488885151
baseline,26.8,0.04,0.12,0.07999999999999999,0.11718516363470528,0.5,8.664339756999317,0.11718516363470528
baseline,26.9,0.04,0.12,0.07999999999999999,0.11625142227103095,0.5,8.664339756999317,0.11625142227103095
baseline,27.0,0.04,0.12,0.07999999999999999,0.11532512103806256,0.5,8.664339756999317,0.11532512103806256
baseline,27.1,0.04,0.12,0.07999999999999999,0.11440620065220498,0.5,8.664339756999317,0.11440620065220498
baseline,27.2,0.04,0.12,0.07999999999999999,0.11349460230223989,0.5,8.664339756999317,0.11349460230223989
baseline,27.3,0.04,0.12,0.07999999999999999,0.11259026764556171,0.5,8.664339756999317,0.11259026764556171
baseline,27.4,0.04,0.12,0.07999999999999999,0.11169313880444373,0.5,8.664339756999317,0.11169313880444373
baseline,27.5,0.04,0.12,0.07999999999999999,0.11080315836233391,0.5,8.664339756999317,0.11080315836233391
baseline,27.6,0.04,0.12,0.07999999999999999,0.10992026936018018,0.5,8.664339756999317,0.10992026936018018
baseline,27.7,0.04,0.12,0.07999999999999999,0.10904441529278502,0.5,8.664339756999317,0.10904441529278502
baseline,27.8,0.04,0.12,0.07999999999999999,0.10817554010518919,0.5,8.664339756999317,0.10817554010518919
baseline,27.9,0.04,0.12,0.07999999999999999,0.10731358818908407,0.5,8.664339756999317,0.10731358818908407
baseline,28.0,0.04,0.12,0.07999999999999999,0.10645850437925285,0.5,8.664339756999317,0.10645850437925285
baseline,28.1,0.04,0.12,0.07999999999999999,0.10561023395003981,0.5,8.664339756999317,0.10561023395003981
baseline,28.2,0.04,0.12,0.07999999999999999,0.10476872261184794,0.5,8.664339756999317,0.10476872261184794
baseline,28.3,0.04,0.12,0.07999999999999999,0.10393391650766436,0.5,8.664339756999317,0.10393391650766436
baseline,28.4,0.04,0.12,0.07999999999999999,0.10310576220961351,0.5,8.664339756999317,0.10310576220961351
baseline,28.5,0.04,0.12,0.07999999999999999,0.10228420671553748,0.5,8.664339756999317,0.10228420671553748
baseline,28.6,0.04,0.12,0.07999999999999999,0.10146919744560438,0.5,8.664339756999317,0.10146919744560438
baseline,28.7,0.04,0.12,0.07999999999999999,0.10066068223894274,0.5,8.664339756999317,0.10066068223894274
baseline,28.8,0.04,0.12,0.07999999999999999,0.09985860935030323,0.5,8.664339756999317,0.09985860935030323
baseline,28.9,0.04,0.12,0.07999999999999999,0.09906292744674736,0.5,8.664339756999317,0.09906292744674736
baseline,29.0,0.04,0.12,0.07999999999999999,0.09827358560436154,0.5,8.664339756999317,0.09827358560436154
baseline,29.1,0.04,0.12,0.07999999999999999,0.09749053330499859,0.5,8.664339756999317,0.09749053330499859
baseline,29.2,0.04,0.12,0.07999999999999999,0.09671372043304402,0.5,8.664339756999317,0.09671372043304402
baseline,29.3,0.04,0.12,0.07999999999999999,0.09594309727220877,0.5,8.664339756999317,0.09594309727220877
baseline,29.4,0.04,0.12,0.07999999999999999,0.09517861450234767,0.5,8.664339756999317,0.09517861450234767
baseline,29.5,0.04,0.12,0.07999999999999999,0.09442022319630239,0.5,8.664339756999317,0.09442022319630239
baseline,29.6,0.04,0.12,0.07999999999999999,0.09366787481677047,0.5,8.664339756999317,0.09366787481677047
baseline,29.7,0.04,0.12,0.07999999999999999,0.09292152121319894,0.5,8.664339756999317,0.09292152121319894
baseline,29.8,0.04,0.12,0.07999999999999999,0.09218111461870225,0.5,8.664339756999317,0.09218111461870225
baseline,29.9,0.04,0.12,0.07999999999999999,0.0914466076470058,0.5,8.664339756999317,0.0914466076470058
baseline,30.0,0.04,0.12,0.07999999999999999,0.09071795328941255,0.5,8.664339756999317,0.09071795328941255
paper_improvement,0.0,0.08,0.14,0.06000000000000001,1.0,0.5,11.55245300933242,1.0
paper_improvement,0.1,0.08,0.14,0.06000000000000001,0.9940179640539353,0.5,11.55245300933242,0.9940179640539353
paper_improvement,0.2,0.08,0.14,0.06000000000000001,0.9880717128619305,0.5,11.55245300933242,0.9880717128619305
paper_improvement,0.3,0.08,0.14,0.06000000000000001,0.9821610323583008,0.5,11.55245300933242,0.9821610323583008
paper_improvement,0.4,0.08,0.14,0.06000000000000001,0.9762857097579093,0.5,11.55245300933242,0.9762857097579093
paper_improvement,0.5,0.08,0.14,0.06000000000000001,0.9704455335485082,0.5,11.55245300933242,0.9704455335485082
paper_improvement,0.6,0.08,0.14,0.06000000000000001,0.9646402934831231,0.5,11.55245300933242,0.9646402934831231
paper_improvement,0.7,0.08,0.14,0.06000000000000001,0.9588697805724845,0.5,11.55245300933242,0.9588697805724845
paper_improvement,0.8,0.08,0.14,0.06000000000000001,0.9531337870775047,0.5,11.55245300933242,0.9531337870775047
paper_improvement,0.9,0.08,0.14,0.06000000000000001,0.9474321065017983,0.5,11.55245300933242,0.9474321065017983
paper_improvement,1.0,0.08,0.14,0.06000000000000001,0.9417645335842487,0.5,11.55245300933242,0.9417645335842487
paper_improvement,1.1,0.08,0.14,0.06000000000000001,0.9361308642916188,0.5,11.55245300933242,0.9361308642916188
paper_improvement,1.2,0.08,0.14,0.06000000000000001,0.9305308958112057,0.5,11.55245300933242,0.9305308958112057
paper_improvement,1.3,0.08,0.14,0.06000000000000001,0.9249644265435393,0.5,11.55245300933242,0.9249644265435393
paper_improvement,1.4,0.08,0.14,0.06000000000000001,0.9194312560951247,0.5,11.55245300933242,0.9194312560951247
paper_improvement,1.5,0.08,0.14,0.06000000000000001,0.9139311852712282,0.5,11.55245300933242,0.9139311852712282
paper_improvement,1.6,0.08,0.14,0.06000000000000001,0.9084640160687061,0.5,11.55245300933242,0.9084640160687061
paper_improvement,1.7,0.08,0.14,0.06000000000000001,0.9030295516688768,0.5,11.55245300933242,0.9030295516688768
paper_improvement,1.8,0.08,0.14,0.06000000000000001,0.8976275964304349,0.5,11.55245300933242,0.8976275964304349
paper_improvement,1.9,0.08,0.14,0.06000000000000001,0.8922579558824083,0.5,11.55245300933242,0.8922579558824083
paper_improvement,2.0,0.08,0.14,0.06000000000000001,0.8869204367171575,0.5,11.55245300933242,0.8869204367171575
paper_improvement,2.1,0.08,0.14,0.06000000000000001,0.8816148467834161,0.5,11.55245300933242,0.8816148467834161
paper_improvement,2.2,0.08,0.14,0.06000000000000001,0.8763409950793732,0.5,11.55245300933242,0.8763409950793732
paper_improvement,2.3,0.08,0.14,0.06000000000000001,0.8710986917457983,0.5,11.55245300933242,0.8710986917457983
paper_improvement,2.4,0.08,0.14,0.06000000000000001,0.865887748059205,0.5,11.55245300933242,0.865887748059205
paper_improvement,2.5,0.08,0.14,0.06000000000000001,0.8607079764250578,0.5,11.55245300933242,0.8607079764250578
paper_improvement,2.6,0.08,0.14,0.06000000000000001,0.8555591903710185,0.5,11.55245300933242,0.8555591903710185
paper_improvement,2.7,0.08,0.14,0.06000000000000001,0.850441204540233,0.5,11.55245300933242,0.850441204540233
paper_improvement,2.8,0.08,0.14,0.06000000000000001,0.8453538346846587,0.5,11.55245300933242,0.8453538346846587
paper_improvement,2.9,0.08,0.14,0.06000000000000001,0.8402968976584314,0.5,11.55245300933242,0.8402968976584314
paper_improvement,3.0,0.08,0.14,0.06000000000000001,0.835270211411272,0.5,11.55245300933242,0.835270211411272
paper_improvement,3.1,0.08,0.14,0.06000000000000001,0.8302735949819326,0.5,11.55245300933242,0.8302735949819326
paper_improvement,3.2,0.08,0.14,0.06000000000000001,0.8253068684916823,0.5,11.55245300933242,0.8253068684916823
paper_improvement,3.3,0.08,0.14,0.06000000000000001,0.820369853137831,0.5,11.55245300933242,0.820369853137831
paper_improvement,3.4,0.08,0.14,0.06000000000000001,0.8154623711872926,0.5,11.55245300933242,0.8154623711872926
paper_improvement,3.5,0.08,0.14,0.06000000000000001,0.8105842459701871,0.5,11.55245300933242,0.8105842459701871
paper_improvement,3.6,0.08,0.14,0.06000000000000001,0.8057353018734796,0.5,11.55245300933242,0.8057353018734796
paper_improvement,3.7,0.08,0.14,0.06000000000000001,0.8009153643346592,0.5,11.55245300933242,0.8009153643346592
paper_improvement,3.8,0.08,0.14,0.06000000000000001,0.7961242598354537,0.5,11.55245300933242,0.7961242598354537
paper_improvement,3.9,0.08,0.14,0.06000000000000001,0.7913618158955839,0.5,11.55245300933242,0.7913618158955839
paper_improvement,4.0,0.08,0.14,0.06000000000000001,0.7866278610665534,0.5,11.55245300933242,0.7866278610665534
paper_improvement,4.1,0.08,0.14,0.06000000000000001,0.7819222249254772,0.5,11.55245300933242,0.7819222249254772
paper_improvement,4.2,0.08,0.14,0.06000000000000001,0.7772447380689461,0.5,11.55245300933242,0.7772447380689461
paper_improvement,4.3,0.08,0.14,0.06000000000000001,0.772595232106928,0.5,11.55245300933242,0.772595232106928
paper_improvement,4.4,0.08,0.14,0.06000000000000001,0.7679735396567061,0.5,11.55245300933242,0.7679735396567061
paper_improvement,4.5,0.08,0.14,0.06000000000000001,0.7633794943368531,0.5,11.55245300933242,0.7633794943368531
paper_improvement,4.6,0.08,0.14,0.06000000000000001,0.7588129307612413,0.5,11.55245300933242,0.7588129307612413
paper_improvement,4.7,0.08,0.14,0.06000000000000001,0.7542736845330889,0.5,11.55245300933242,0.7542736845330889
paper_improvement,4.8,0.08,0.14,0.06000000000000001,0.7497615922390413,0.5,11.55245300933242,0.7497615922390413
paper_improvement,4.9,0.08,0.14,0.06000000000000001,0.7452764914432886,0.5,11.55245300933242,0.7452764914432886
paper_improvement,5.0,0.08,0.14,0.06000000000000001,0.7408182206817179,0.5,11.55245300933242,0.7408182206817179
paper_improvement,5.1,0.08,0.14,0.06000000000000001,0.7363866194561001,0.5,11.55245300933242,0.7363866194561001
paper_improvement,5.2,0.08,0.14,0.06000000000000001,0.7319815282283126,0.5,11.55245300933242,0.7319815282283126
paper_improvement,5.3,0.08,0.14,0.06000000000000001,0.7276027884145955,0.5,11.55245300933242,0.7276027884145955
paper_improvement,5.4,0.08,0.14,0.06000000000000001,0.7232502423798424,0.5,11.55245300933242,0.7232502423798424
paper_improvement,5.5,0.08,0.14,0.06000000000000001,0.7189237334319262,0.5,11.55245300933242,0.7189237334319262
paper_improvement,5.6,0.08,0.14,0.06000000000000001,0.7146231058160573,0.5,11.55245300933242,0.7146231058160573
paper_improvement,5.7,0.08,0.14,0.06000000000000001,0.7103482047091771,0.5,11.55245300933242,0.7103482047091771
paper_improvement,5.8,0.08,0.14,0.06000000000000001,0.7060988762143844,0.5,11.55245300933242,0.7060988762143844
paper_improvement,5.9,0.08,0.14,0.06000000000000001,0.701874967355394,0.5,11.55245300933242,0.701874967355394
paper_improvement,6.0,0.08,0.14,0.06000000000000001,0.697676326071031,0.5,11.55245300933242,0.697676326071031
paper_improvement,6.1,0.08,0.14,0.06000000000000001,0.6935028012097557,0.5,11.55245300933242,0.6935028012097557
paper_improvement,6.2,0.08,0.14,0.06000000000000001,0.6893542425242224,0.5,11.55245300933242,0.6893542425242224
paper_improvement,6.3,0.08,0.14,0.06000000000000001,0.6852305006658702,0.5,11.55245300933242,0.6852305006658702
paper_improvement,6.4,0.08,0.14,0.06000000000000001,0.681131427179547,0.5,11.55245300933242,0.681131427179547
paper_improvement,6.5,0.08,0.14,0.06000000000000001,0.6770568744981647,0.5,11.55245300933242,0.6770568744981647
paper_improvement,6.6,0.08,0.14,0.06000000000000001,0.6730066959373864,0.5,11.55245300933242,0.6730066959373864
paper_improvement,6.7,0.08,0.14,0.06000000000000001,0.6689807456903467,0.5,11.55245300933242,0.6689807456903467
paper_improvement,6.8,0.08,0.14,0.06000000000000001,0.6649788788224018,0.5,11.55245300933242,0.6649788788224018
paper_improvement,6.9,0.08,0.14,0.06000000000000001,0.6610009512659124,0.5,11.55245300933242,0.6610009512659124
paper_improvement,7.0,0.08,0.14,0.06000000000000001,0.6570468198150567,0.5,11.55245300933242,0.6570468198150567
paper_improvement,7.1,0.08,0.14,0.06000000000000001,0.6531163421206756,0.5,11.55245300933242,0.6531163421206756
paper_improvement,7.2,0.08,0.14,0.06000000000000001,0.6492093766851473,0.5,11.55245300933242,0.6492093766851473
paper_improvement,7.3,0.08,0.14,0.06000000000000001,0.6453257828572946,0.5,11.55245300933242,0.6453257828572946
paper_improvement,7.4,0.08,0.14,0.06000000000000001,0.6414654208273198,0.5,11.55245300933242,0.6414654208273198
paper_improvement,7.5,0.08,0.14,0.06000000000000001,0.6376281516217732,0.5,11.55245300933242,0.6376281516217732
paper_improvement,7.6,0.08,0.14,0.06000000000000001,0.633813837098549,0.5,11.55245300933242,0.633813837098549
paper_improvement,7.7,0.08,0.14,0.06000000000000001,0.6300223399419123,0.5,11.55245300933242,0.6300223399419123
paper_improvement,7.8,0.08,0.14,0.06000000000000001,0.6262535236575559,0.5,11.55245300933242,0.6262535236575559
paper_improvement,7.9,0.08,0.14,0.06000000000000001,0.6225072525676867,0.5,11.55245300933242,0.6225072525676867
paper_improvement,8.0,0.08,0.14,0.06000000000000001,0.6187833918061408,0.5,11.55245300933242,0.6187833918061408
paper_improvement,8.1,0.08,0.14,0.06000000000000001,0.6150818073135286,0.5,11.55245300933242,0.6150818073135286
paper_improvement,8.2,0.08,0.14,0.06000000000000001,0.6114023658324086,0.5,11.55245300933242,0.6114023658324086
paper_improvement,8.3,0.08,0.14,0.06000000000000001,0.60774493490249,0.5,11.55245300933242,0.60774493490249
paper_improvement,8.4,0.08,0.14,0.06000000000000001,0.6041093828558647,0.5,11.55245300933242,0.6041093828558647
paper_improvement,8.5,0.08,0.14,0.06000000000000001,0.6004955788122659,0.5,11.55245300933242,0.6004955788122659
paper_improvement,8.6,0.08,0.14,0.06000000000000001,0.596903392674358,0.5,11.55245300933242,0.596903392674358
paper_improvement,8.7,0.08,0.14,0.06000000000000001,0.593332695123052,0.5,11.55245300933242,0.593332695123052
paper_improvement,8.8,0.08,0.14,0.06000000000000001,0.5897833576128504,0.5,11.55245300933242,0.5897833576128504
paper_improvement,8.9,0.08,0.14,0.06000000000000001,0.5862552523672195,0.5,11.55245300933242,0.5862552523672195
paper_improvement,9.0,0.08,0.14,0.06000000000000001,0.5827482523739895,0.5,11.55245300933242,0.5827482523739895
paper_improvement,9.1,0.08,0.14,0.06000000000000001,0.579262231380782,0.5,11.55245300933242,0.579262231380782
paper_improvement,9.2,0.08,0.14,0.06000000000000001,0.5757970638904645,0.5,11.55245300933242,0.5757970638904645
paper_improvement,9.3,0.08,0.14,0.06000000000000001,0.5723526251566332,0.5,11.55245300933242,0.5723526251566332
paper_improvement,9.4,0.08,0.14,0.06000000000000001,0.5689287911791217,0.5,11.55245300933242,0.5689287911791217
paper_improvement,9.5,0.08,0.14,0.06000000000000001,0.5655254386995371,0.5,11.55245300933242,0.5655254386995371
paper_improvement,9.6,0.08,0.14,0.06000000000000001,0.5621424451968224,0.5,11.55245300933242,0.5621424451968224
paper_improvement,9.7,0.08,0.14,0.06000000000000001,0.5587796888828462,0.5,11.55245300933242,0.5587796888828462
paper_improvement,9.8,0.08,0.14,0.06000000000000001,0.5554370486980181,0.5,11.55245300933242,0.5554370486980181
paper_improvement,9.9,0.08,0.14,0.06000000000000001,0.5521144043069306,0.5,11.55245300933242,0.5521144043069306
paper_improvement,10.0,0.08,0.14,0.06000000000000001,0.5488116360940264,0.5,11.55245300933242,0.5488116360940264
paper_improvement,10.1,0.08,0.14,0.06000000000000001,0.5455286251592933,0.5,11.55245300933242,0.5455286251592933
paper_improvement,10.2,0.08,0.14,0.06000000000000001,0.5422652533139831,0.5,11.55245300933242,0.5422652533139831
paper_improvement,10.3,0.08,0.14,0.06000000000000001,0.5390214030763569,0.5,11.55245300933242,0.5390214030763569
paper_improvement,10.4,0.08,0.14,0.06000000000000001,0.5357969576674559,0.5,11.55245300933242,0.5357969576674559
paper_improvement,10.5,0.08,0.14,0.06000000000000001,0.5325918010068972,0.5,11.55245300933242,0.5325918010068972
paper_improvement,10.6,0.08,0.14,0.06000000000000001,0.5294058177086945,0.5,11.55245300933242,0.5294058177086945
paper_improvement,10.7,0.08,0.14,0.06000000000000001,0.5262388930771053,0.5,11.55245300933242,0.5262388930771053
paper_improvement,10.8,0.08,0.14,0.06000000000000001,0.5230909131025008,0.5,11.55245300933242,0.5230909131025008
paper_improvement,10.9,0.08,0.14,0.06000000000000001,0.5199617644572617,0.5,11.55245300933242,0.5199617644572617
paper_improvement,11.0,0.08,0.14,0.06000000000000001,0.5168513344916992,0.5,11.55245300933242,0.5168513344916992
paper_improvement,11.1,0.08,0.14,0.06000000000000001,0.5137595112299983,0.5,11.55245300933242,0.5137595112299983
paper_improvement,11.2,0.08,0.14,0.06000000000000001,0.5106861833661879,0.5,11.55245300933242,0.5106861833661879
paper_improvement,11.3,0.08,0.14,0.06000000000000001,0.5076312402601326,0.5,11.55245300933242,0.5076312402601326
paper_improvement,11.4,0.08,0.14,0.06000000000000001,0.5045945719335511,0.5,11.55245300933242,0.5045945719335511
paper_improvement,11.5,0.08,0.14,0.06000000000000001,0.5015760690660555,0.5,11.55245300933242,0.5015760690660555
paper_improvement,11.6,0.08,0.14,0.06000000000000001,0.4985756229912165,0.5,11.55245300933242,0.4985756229912165
paper_improvement,11.7,0.08,0.14,0.06000000000000001,0.4955931256926514,0.5,11.55245300933242,0.4955931256926514
paper_improvement,11.8,0.08,0.14,0.06000000000000001,0.49262846980013536,0.5,11.55245300933242,0.49262846980013536
paper_improvement,11.9,0.08,0.14,0.06000000000000001,0.4896815485857361,0.5,11.55245300933242,0.4896815485857361
paper_improvement,12.0,0.08,0.14,0.06000000000000001,0.48675225595997157,0.5,11.55245300933242,0.48675225595997157
paper_improvement,12.1,0.08,0.14,0.06000000000000001,0.48384048646799094,0.5,11.55245300933242,0.48384048646799094
paper_improvement,12.2,0.08,0.14,0.06000000000000001,0.48094613528577795,0.5,11.55245300933242,0.48094613528577795
paper_improvement,12.3,0.08,0.14,0.06000000000000001,0.4780690982163775,0.5,11.55245300933242,0.4780690982163775
paper_improvement,12.4,0.08,0.14,0.06000000000000001,0.47520927168614435,0.5,11.55245300933242,0.47520927168614435
paper_improvement,12.5,0.08,0.14,0.06000000000000001,0.47236655274101463,0.5,11.55245300933242,0.47236655274101463
paper_improvement,12.6,0.08,0.14,0.06000000000000001,0.4695408390427992,0.5,11.55245300933242,0.4695408390427992
paper_improvement,12.7,0.08,0.14,0.06000000000000001,0.4667320288654998,0.5,11.55245300933242,0.4667320288654998
paper_improvement,12.8,0.08,0.14,0.06000000000000001,0.4639400210916466,0.5,11.55245300933242,0.4639400210916466
paper_improvement,12.9,0.08,0.14,0.06000000000000001,0.46116471520865837,0.5,11.55245300933242,0.46116471520865837
paper_improvement,13.0,0.08,0.14,0.06000000000000001,0.45840601130522346,0.5,11.55245300933242,0.45840601130522346
paper_improvement,13.1,0.08,0.14,0.06000000000000001,0.45566381006770346,0.5,11.55245300933242,0.45566381006770346
paper_improvement,13.2,0.08,0.14,0.06000000000000001,0.45293801277655765,0.5,11.55245300933242,0.45293801277655765
paper_improvement,13.3,0.08,0.14,0.06000000000000001,0.4502285213027892,0.5,11.55245300933242,0.4502285213027892
paper_improvement,13.4,0.08,0.14,0.06000000000000001,0.4475352381044123,0.5,11.55245300933242,0.4475352381044123
paper_improvement,13.5,0.08,0.14,0.06000000000000001,0.44485806622294105,0.5,11.55245300933242,0.44485806622294105
paper_improvement,13.6,0.08,0.14,0.06000000000000001,0.4421969092798986,0.5,11.55245300933242,0.4421969092798986
paper_improvement,13.7,0.08,0.14,0.06000000000000001,0.43955167147334756,0.5,11.55245300933242,0.43955167147334756
paper_improvement,13.8,0.08,0.14,0.06000000000000001,0.4369222575744411,0.5,11.55245300933242,0.4369222575744411
paper_improvement,13.9,0.08,0.14,0.06000000000000001,0.43430857292399505,0.5,11.55245300933242,0.43430857292399505
paper_improvement,14.0,0.08,0.14,0.06000000000000001,0.4317105234290796,0.5,11.55245300933242,0.4317105234290796
paper_improvement,14.1,0.08,0.14,0.06000000000000001,0.4291280155596324,0.5,11.55245300933242,0.4291280155596324
paper_improvement,14.2,0.08,0.14,0.06000000000000001,0.42656095634509134,0.5,11.55245300933242,0.42656095634509134
paper_improvement,14.3,0.08,0.14,0.06000000000000001,0.42400925337104717,0.5,11.55245300933242,0.42400925337104717
paper_improvement,14.4,0.08,0.14,0.06000000000000001,0.4214728147759175,0.5,11.55245300933242,0.4214728147759175
paper_improvement,14.5,0.08,0.14,0.06000000000000001,0.4189515492476389,0.5,11.55245300933242,0.4189515492476389
paper_improvement,14.6,0.08,0.14,0.06000000000000001,0.41644536602038007,0.5,11.55245300933242,0.41644536602038007
paper_improvement,14.7,0.08,0.14,0.06000000000000001,0.41395417487127406,0.5,11.55245300933242,0.41395417487127406
paper_improvement,14.8,0.08,0.14,0.06000000000000001,0.41147788611717045,0.5,11.55245300933242,0.41147788611717045
paper_improvement,14.9,0.08,0.14,0.06000000000000001,0.4090164106114068,0.5,11.55245300933242,0.4090164106114068
paper_improvement,15.0,0.08,0.14,0.06000000000000001,0.40656965974059905,0.5,11.55245300933242,0.40656965974059905
paper_improvement,15.1,0.08,0.14,0.06000000000000001,0.40413754542145147,0.5,11.55245300933242,0.40413754542145147
paper_improvement,15.2,0.08,0.14,0.06000000000000001,0.40171998009758597,0.5,11.55245300933242,0.40171998009758597
paper_improvement,15.3,0.08,0.14,0.06000000000000001,0.39931687673638977,0.5,11.55245300933242,0.39931687673638977
paper_improvement,15.4,0.08,0.14,0.06000000000000001,0.39692814882588245,0.5,11.55245300933242,0.39692814882588245
paper_improvement,15.5,0.08,0.14,0.06000000000000001,0.3945537103716011,0.5,11.55245300933242,0.3945537103716011
paper_improvement,15.6,0.08,0.14,0.06000000000000001,0.39219347589350495,0.5,11.55245300933242,0.39219347589350495
paper_improvement,15.7,0.08,0.14,0.06000000000000001,0.3898473604228979,0.5,11.55245300933242,0.3898473604228979
paper_improvement,15.8,0.08,0.14,0.06000000000000001,0.3875152794993697,0.5,11.55245300933242,0.3875152794993697
paper_improvement,15.9,0.08,0.14,0.06000000000000001,0.3851971491677551,0.5,11.55245300933242,0.3851971491677551
paper_improvement,16.0,0.08,0.14,0.06000000000000001,0.38289288597511195,0.5,11.55245300933242,0.38289288597511195
paper_improvement,16.1,0.08,0.14,0.06000000000000001,0.3806024069677163,0.5,11.55245300933242,0.3806024069677163
paper_improvement,16.2,0.08,0.14,0.06000000000000001,0.3783256296880767,0.5,11.55245300933242,0.3783256296880767
paper_improvement,16.3,0.08,0.14,0.06000000000000001,0.3760624721719651,0.5,11.55245300933242,0.3760624721719651
paper_improvement,16.4,0.08,0.14,0.06000000000000001,0.37381285294546646,0.5,11.55245300933242,0.37381285294546646
paper_improvement,16.5,0.08,0.14,0.06000000000000001,0.3715766910220456,0.5,11.55245300933242,0.3715766910220456
paper_improvement,16.6,0.08,0.14,0.06000000000000001,0.3693539058996319,0.5,11.55245300933242,0.3693539058996319
paper_improvement,16.7,0.08,0.14,0.06000000000000001,0.3671444175577209,0.5,11.55245300933242,0.3671444175577209
paper_improvement,16.8,0.08,0.14,0.06000000000000001,0.36494814645449364,0.5,11.55245300933242,0.36494814645449364
paper_improvement,16.9,0.08,0.14,0.06000000000000001,0.36276501352395324,0.5,11.55245300933242,0.36276501352395324
paper_improvement,17.0,0.08,0.14,0.06000000000000001,0.3605949401730782,0.5,11.55245300933242,0.3605949401730782
paper_improvement,17.1,0.08,0.14,0.06000000000000001,0.3584378482789938,0.5,11.55245300933242,0.3584378482789938
paper_improvement,17.2,0.08,0.14,0.06000000000000001,0.35629366018615877,0.5,11.55245300933242,0.35629366018615877
paper_improvement,17.3,0.08,0.14,0.06000000000000001,0.3541622987035702,0.5,11.55245300933242,0.3541622987035702
paper_improvement,17.4,0.08,0.14,0.06000000000000001,0.3520436871019846,0.5,11.55245300933242,0.3520436871019846
paper_improvement,17.5,0.08,0.14,0.06000000000000001,0.34993774911115527,0.5,11.55245300933242,0.34993774911115527
paper_improvement,17.6,0.08,0.14,0.06000000000000001,0.34784440891708734,0.5,11.55245300933242,0.34784440891708734
paper_improvement,17.7,0.08,0.14,0.06000000000000001,0.34576359115930777,0.5,11.55245300933242,0.34576359115930777
paper_improvement,17.8,0.08,0.14,0.06000000000000001,0.3436952209281523,0.5,11.55245300933242,0.3436952209281523
paper_improvement,17.9,0.08,0.14,0.06000000000000001,0.34163922376206945,0.5,11.55245300933242,0.34163922376206945
paper_improvement,18.0,0.08,0.14,0.06000000000000001,0.33959552564493906,0.5,11.55245300933242,0.33959552564493906
paper_improvement,18.1,0.08,0.14,0.06000000000000001,0.33756405300340825,0.5,11.55245300933242,0.33756405300340825
paper_improvement,18.2,0.08,0.14,0.06000000000000001,0.3355447327042427,0.5,11.55245300933242,0.3355447327042427
paper_improvement,18.3,0.08,0.14,0.06000000000000001,0.33353749205169314,0.5,11.55245300933242,0.33353749205169314
paper_improvement,18.4,0.08,0.14,0.06000000000000001,0.3315422587848797,0.5,11.55245300933242,0.3315422587848797
paper_improvement,18.5,0.08,0.14,0.06000000000000001,0.32955896107518895,0.5,11.55245300933242,0.32955896107518895
paper_improvement,18.6,0.08,0.14,0.06000000000000001,0.3275875275236894,0.5,11.55245300933242,0.3275875275236894
paper_improvement,18.7,0.08,0.14,0.06000000000000001,0.32562788715856034,0.5,11.55245300933242,0.32562788715856034
paper_improvement,18.8,0.08,0.14,0.06000000000000001,0.32367996943253663,0.5,11.55245300933242,0.32367996943253663
paper_improvement,18.9,0.08,0.14,0.06000000000000001,0.32174370422037013,0.5,11.55245300933242,0.32174370422037013
paper_improvement,19.0,0.08,0.14,0.06000000000000001,0.31981902181630384,0.5,11.55245300933242,0.31981902181630384
paper_improvement,19.1,0.08,0.14,0.06000000000000001,0.31790585293156337,0.5,11.55245300933242,0.31790585293156337
paper_improvement,19.2,0.08,0.14,0.06000000000000001,0.31600412869186245,0.5,11.55245300933242,0.31600412869186245
paper_improvement,19.3,0.08,0.14,0.06000000000000001,0.3141137806349228,0.5,11.55245300933242,0.3141137806349228
paper_improvement,19.4,0.08,0.14,0.06000000000000001,0.3122347407080105,0.5,11.55245300933242,0.3122347407080105
paper_improvement,19.5,0.08,0.14,0.06000000000000001,0.310366941265485,0.5,11.55245300933242,0.310366941265485
paper_improvement,19.6,0.08,0.14,0.06000000000000001,0.3085103150663646,0.5,11.55245300933242,0.3085103150663646
paper_improvement,19.7,0.08,0.14,0.06000000000000001,0.30666479527190593,0.5,11.55245300933242,0.30666479527190593
paper_improvement,19.8,0.08,0.14,0.06000000000000001,0.3048303154431968,0.5,11.55245300933242,0.3048303154431968
paper_improvement,19.9,0.08,0.14,0.06000000000000001,0.30300680953876535,0.5,11.55245300933242,0.30300680953876535
paper_improvement,20.0,0.08,0.14,0.06000000000000001,0.301194211912202,0.5,11.55245300933242,0.301194211912202
paper_improvement,20.1,0.08,0.14,0.06000000000000001,0.2993924573097965,0.5,11.55245300933242,0.2993924573097965
paper_improvement,20.2,0.08,0.14,0.06000000000000001,0.2976014808681888,0.5,11.55245300933242,0.2976014808681888
paper_improvement,20.3,0.08,0.14,0.06000000000000001,0.29582121811203316,0.5,11.55245300933242,0.29582121811203316
paper_improvement,20.4,0.08,0.14,0.06000000000000001,0.2940516049516783,0.5,11.55245300933242,0.2940516049516783
paper_improvement,20.5,0.08,0.14,0.06000000000000001,0.29229257768085937,0.5,11.55245300933242,0.29229257768085937
paper_improvement,20.6,0.08,0.14,0.06000000000000001,0.29054407297440443,0.5,11.55245300933242,0.29054407297440443
paper_improvement,20.7,0.08,0.14,0.06000000000000001,0.28880602788595555,0.5,11.55245300933242,0.28880602788595555
paper_improvement,20.8,0.08,0.14,0.06000000000000001,0.2870783798457016,0.5,11.55245300933242,0.2870783798457016
paper_improvement,20.9,0.08,0.14,0.06000000000000001,0.2853610666581266,0.5,11.55245300933242,0.2853610666581266
paper_improvement,21.0,0.08,0.14,0.06000000000000001,0.2836540264997703,0.5,11.55245300933242,0.2836540264997703
paper_improvement,21.1,0.08,0.14,0.06000000000000001,0.2819571979170027,0.5,11.55245300933242,0.2819571979170027
paper_improvement,21.2,0.08,0.14,0.06000000000000001,0.28027051982381146,0.5,11.55245300933242,0.28027051982381146
paper_improvement,21.3,0.08,0.14,0.06000000000000001,0.2785939314996032,0.5,11.55245300933242,0.2785939314996032
paper_improvement,21.4,0.08,0.14,0.06000000000000001,0.27692737258701705,0.5,11.55245300933242,0.27692737258701705
paper_improvement,21.5,0.08,0.14,0.06000000000000001,0.2752707830897523,0.5,11.55245300933242,0.2752707830897523
paper_improvement,21.6,0.08,0.14,0.06000000000000001,0.273624103370408,0.5,11.55245300933242,0.273624103370408
paper_improvement,21.7,0.08,0.14,0.06000000000000001,0.27198727414833646,0.5,11.55245300933242,0.27198727414833646
paper_improvement,21.8,0.08,0.14,0.06000000000000001,0.27036023649750895,0.5,11.55245300933242,0.27036023649750895
paper_improvement,21.9,0.08,0.14,0.06000000000000001,0.2687429318443943,0.5,11.55245300933242,0.2687429318443943
paper_improvement,22.0,0.08,0.14,0.06000000000000001,0.2671353019658503,0.5,11.55245300933242,0.2671353019658503
paper_improvement,22.1,0.08,0.14,0.06000000000000001,0.2655372889870277,0.5,11.55245300933242,0.2655372889870277
paper_improvement,22.2,0.08,0.14,0.06000000000000001,0.26394883537928676,0.5,11.55245300933242,0.26394883537928676
paper_improvement,22.3,0.08,0.14,0.06000000000000001,0.26236988395812594,0.5,11.55245300933242,0.26236988395812594
paper_improvement,22.4,0.08,0.14,0.06000000000000001,0.26080037788112365,0.5,11.55245300933242,0.26080037788112365
paper_improvement,22.5,0.08,0.14,0.06000000000000001,0.25924026064589145,0.5,11.55245300933242,0.25924026064589145
paper_improvement,22.6,0.08,0.14,0.06000000000000001,0.2576894760880405,0.5,11.55245300933242,0.2576894760880405
paper_improvement,22.7,0.08,0.14,0.06000000000000001,0.25614796837915926,0.5,11.55245300933242,0.25614796837915926
paper_improvement,22.8,0.08,0.14,0.06000000000000001,0.25461568202480367,0.5,11.55245300933242,0.25461568202480367
paper_improvement,22.9,0.08,0.14,0.06000000000000001,0.25309256186249957,0.5,11.55245300933242,0.25309256186249957
paper_improvement,23.0,0.08,0.14,0.06000000000000001,0.2515785530597564,0.5,11.55245300933242,0.2515785530597564
paper_improvement,23.1,0.08,0.14,0.06000000000000001,0.25007360111209403,0.5,11.55245300933242,0.25007360111209403
paper_improvement,23.2,0.08,0.14,0.06000000000000001,0.24857765184107966,0.5,11.55245300933242,0.24857765184107966
paper_improvement,23.3,0.08,0.14,0.06000000000000001,0.2470906513923779,0.5,11.55245300933242,0.2470906513923779
paper_improvement,23.4,0.08,0.14,0.06000000000000001,0.2456125462338122,0.5,11.55245300933242,0.2456125462338122
paper_improvement,23.5,0.08,0.14,0.06000000000000001,0.244143283153437,0.5,11.55245300933242,0.244143283153437
paper_improvement,23.6,0.08,0.14,0.06000000000000001,0.24268280925762287,0.5,11.55245300933242,0.24268280925762287
paper_improvement,23.7,0.08,0.14,0.06000000000000001,0.24123107196915186,0.5,11.55245300933242,0.24123107196915186
paper_improvement,23.8,0.08,0.14,0.06000000000000001,0.2397880190253246,0.5,11.55245300933242,0.2397880190253246
paper_improvement,23.9,0.08,0.14,0.06000000000000001,0.2383535984760795,0.5,11.55245300933242,0.2383535984760795
paper_improvement,24.0,0.08,0.14,0.06000000000000001,0.23692775868212165,0.5,11.55245300933242,0.23692775868212165
paper_improvement,24.1,0.08,0.14,0.06000000000000001,0.23551044831306467,0.5,11.55245300933242,0.23551044831306467
paper_improvement,24.2,0.08,0.14,0.06000000000000001,0.23410161634558213,0.5,11.55245300933242,0.23410161634558213
paper_improvement,24.3,0.08,0.14,0.06000000000000001,0.23270121206157096,0.5,11.55245300933242,0.23270121206157096
paper_improvement,24.4,0.08,0.14,0.06000000000000001,0.23130918504632586,0.5,11.55245300933242,0.23130918504632586
paper_improvement,24.5,0.08,0.14,0.06000000000000001,0.2299254851867238,0.5,11.55245300933242,0.2299254851867238
paper_improvement,24.6,0.08,0.14,0.06000000000000001,0.22855006266942038,0.5,11.55245300933242,0.22855006266942038
paper_improvement,24.7,0.08,0.14,0.06000000000000001,0.22718286797905662,0.5,11.55245300933242,0.22718286797905662
paper_improvement,24.8,0.08,0.14,0.06000000000000001,0.22582385189647577,0.5,11.55245300933242,0.22582385189647577
paper_improvement,24.9,0.08,0.14,0.06000000000000001,0.2244729654969523,0.5,11.55245300933242,0.2244729654969523
paper_improvement,25.0,0.08,0.14,0.06000000000000001,0.2231301601484298,0.5,11.55245300933242,0.2231301601484298
paper_improvement,25.1,0.08,0.14,0.06000000000000001,0.22179538750977065,0.5,11.55245300933242,0.22179538750977065
paper_improvement,25.2,0.08,0.14,0.06000000000000001,0.22046859952901587,0.5,11.55245300933242,0.22046859952901587
paper_improvement,25.3,0.08,0.14,0.06000000000000001,0.21914974844165475,0.5,11.55245300933242,0.21914974844165475
paper_improvement,25.4,0.08,0.14,0.06000000000000001,0.21783878676890572,0.5,11.55245300933242,0.21783878676890572
paper_improvement,25.5,0.08,0.14,0.06000000000000001,0.216535667316007,0.5,11.55245300933242,0.216535667316007
paper_improvement,25.6,0.08,0.14,0.06000000000000001,0.2152403431705175,0.5,11.55245300933242,0.2152403431705175
paper_improvement,25.7,0.08,0.14,0.06000000000000001,0.21395276770062818,0.5,11.55245300933242,0.21395276770062818
paper_improvement,25.8,0.08,0.14,0.06000000000000001,0.21267289455348298,0.5,11.55245300933242,0.21267289455348298
paper_improvement,25.9,0.08,0.14,0.06000000000000001,0.21140067765351042,0.5,11.55245300933242,0.21140067765351042
paper_improvement,26.0,0.08,0.14,0.06000000000000001,0.2101360712007647,0.5,11.55245300933242,0.2101360712007647
paper_improvement,26.1,0.08,0.14,0.06000000000000001,0.20887902966927688,0.5,11.55245300933242,0.20887902966927688
paper_improvement,26.2,0.08,0.14,0.06000000000000001,0.20762950780541614,0.5,11.55245300933242,0.20762950780541614
paper_improvement,26.3,0.08,0.14,0.06000000000000001,0.20638746062626043,0.5,11.55245300933242,0.20638746062626043
paper_improvement,26.4,0.08,0.14,0.06000000000000001,0.2051528434179771,0.5,11.55245300933242,0.2051528434179771
paper_improvement,26.5,0.08,0.14,0.06000000000000001,0.20392561173421336,0.5,11.55245300933242,0.20392561173421336
paper_improvement,26.6,0.08,0.14,0.06000000000000001,0.20270572139449608,0.5,11.55245300933242,0.20270572139449608
paper_improvement,26.7,0.08,0.14,0.06000000000000001,0.2014931284826412,0.5,11.55245300933242,0.2014931284826412
paper_improvement,26.8,0.08,0.14,0.06000000000000001,0.20028778934517302,0.5,11.55245300933242,0.20028778934517302
paper_improvement,26.9,0.08,0.14,0.06000000000000001,0.19908966058975233,0.5,11.55245300933242,0.19908966058975233
paper_improvement,27.0,0.08,0.14,0.06000000000000001,0.19789869908361463,0.5,11.55245300933242,0.19789869908361463
paper_improvement,27.1,0.08,0.14,0.06000000000000001,0.19671486195201698,0.5,11.55245300933242,0.19671486195201698
paper_improvement,27.2,0.08,0.14,0.06000000000000001,0.19553810657669485,0.5,11.55245300933242,0.19553810657669485
paper_improvement,27.3,0.08,0.14,0.06000000000000001,0.19436839059432762,0.5,11.55245300933242,0.19436839059432762
paper_improvement,27.4,0.08,0.14,0.06000000000000001,0.19320567189501364,0.5,11.55245300933242,0.19320567189501364
paper_improvement,27.5,0.08,0.14,0.06000000000000001,0.19204990862075405,0.5,11.55245300933242,0.19204990862075405
paper_improvement,27.6,0.08,0.14,0.06000000000000001,0.19090105916394626,0.5,11.55245300933242,0.19090105916394626
paper_improvement,27.7,0.08,0.14,0.06000000000000001,0.1897590821658857,0.5,11.55245300933242,0.1897590821658857
paper_improvement,27.8,0.08,0.14,0.06000000000000001,0.18862393651527712,0.5,11.55245300933242,0.18862393651527712
paper_improvement,27.9,0.08,0.14,0.06000000000000001,0.18749558134675454,0.5,11.55245300933242,0.18749558134675454
paper_improvement,28.0,0.08,0.14,0.06000000000000001,0.1863739760394099,0.5,11.55245300933242,0.1863739760394099
paper_improvement,28.1,0.08,0.14,0.06000000000000001,0.18525908021533113,0.5,11.55245300933242,0.18525908021533113
paper_improvement,28.2,0.08,0.14,0.06000000000000001,0.18415085373814813,0.5,11.55245300933242,0.18415085373814813
paper_improvement,28.3,0.08,0.14,0.06000000000000001,0.18304925671158803,0.5,11.55245300933242,0.18304925671158803
paper_improvement,28.4,0.08,0.14,0.06000000000000001,0.1819542494780389,0.5,11.55245300933242,0.1819542494780389
paper_improvement,28.5,0.08,0.14,0.06000000000000001,0.18086579261712202,0.5,11.55245300933242,0.18086579261712202
paper_improvement,28.6,0.08,0.14,0.06000000000000001,0.1797838469442729,0.5,11.55245300933242,0.1797838469442729
paper_improvement,28.7,0.08,0.14,0.06000000000000001,0.1787083735093305,0.5,11.55245300933242,0.1787083735093305
paper_improvement,28.8,0.08,0.14,0.06000000000000001,0.17763933359513487,0.5,11.55245300933242,0.17763933359513487
paper_improvement,28.9,0.08,0.14,0.06000000000000001,0.17657668871613383,0.5,11.55245300933242,0.17657668871613383
paper_improvement,29.0,0.08,0.14,0.06000000000000001,0.1755204006169968,0.5,11.55245300933242,0.1755204006169968
paper_improvement,29.1,0.08,0.14,0.06000000000000001,0.17447043127123824,0.5,11.55245300933242,0.17447043127123824
paper_improvement,29.2,0.08,0.14,0.06000000000000001,0.1734267428798483,0.5,11.55245300933242,0.1734267428798483
paper_improvement,29.3,0.08,0.14,0.06000000000000001,0.1723892978699321,0.5,11.55245300933242,0.1723892978699321
paper_improvement,29.4,0.08,0.14,0.06000000000000001,0.17135805889335734,0.5,11.55245300933242,0.17135805889335734
paper_improvement,29.5,0.08,0.14,0.06000000000000001,0.1703329888254094,0.5,11.55245300933242,0.1703329888254094
paper_improvement,29.6,0.08,0.14,0.06000000000000001,0.1693140507634551,0.5,11.55245300933242,0.1693140507634551
paper_improvement,29.7,0.08,0.14,0.06000000000000001,0.16830120802561432,0.5,11.55245300933242,0.16830120802561432
paper_improvement,29.8,0.08,0.14,0.06000000000000001,0.16729442414943896,0.5,11.55245300933242,0.16729442414943896
paper_improvement,29.9,0.08,0.14,0.06000000000000001,0.16629366289060085,0.5,11.55245300933242,0.16629366289060085
paper_improvement,30.0,0.08,0.14,0.06000000000000001,0.1652988882215865,0.5,11.55245300933242,0.1652988882215865
faster_price_erosion,0.0,0.08,0.3,0.21999999999999997,1.0,0.5,3.1506690025452064,1.0
faster_price_erosion,0.1,0.08,0.3,0.21999999999999997,0.97824023505121,0.5,3.1506690025452064,0.97824023505121
faster_price_erosion,0.2,0.08,0.3,0.21999999999999997,0.9569539574730467,0.5,3.1506690025452064,0.9569539574730467
faster_price_erosion,0.3,0.08,0.3,0.21999999999999997,0.9361308642916188,0.5,3.1506690025452064,0.9361308642916188
faster_price_erosion,0.4,0.08,0.3,0.21999999999999997,0.9157608767233256,0.5,3.1506690025452064,0.9157608767233256
faster_price_erosion,0.5,0.08,0.3,0.21999999999999997,0.8958341352965282,0.5,3.1506690025452064,0.8958341352965282
faster_price_erosion,0.6,0.08,0.3,0.21999999999999997,0.8763409950793734,0.5,3.1506690025452064,0.8763409950793734
faster_price_erosion,0.7,0.08,0.3,0.21999999999999997,0.8572720210114575,0.5,3.1506690025452064,0.8572720210114575
faster_price_erosion,0.8,0.08,0.3,0.21999999999999997,0.838617983337074,0.5,3.1506690025452064,0.838617983337074
faster_price_erosion,0.9,0.08,0.3,0.21999999999999997,0.8203698531378311,0.5,3.1506690025452064,0.8203698531378311
faster_price_erosion,1.0,0.08,0.3,0.21999999999999997,0.8025187979624785,0.5,3.1506690025452064,0.8025187979624785
faster_price_erosion,1.1,0.08,0.3,0.21999999999999997,0.7850561775518295,0.5,3.1506690025452064,0.7850561775518295
faster_price_erosion,1.2,0.08,0.3,0.21999999999999997,0.7679735396567062,0.5,3.1506690025452064,0.7679735396567062
faster_price_erosion,1.3,0.08,0.3,0.21999999999999997,0.751262615946886,0.5,3.1506690025452064,0.751262615946886
faster_price_erosion,1.4,0.08,0.3,0.21999999999999997,0.7349153180090687,0.5,3.1506690025452064,0.7349153180090687
faster_price_erosion,1.5,0.08,0.3,0.21999999999999997,0.7189237334319262,0.5,3.1506690025452064,0.7189237334319262
faster_price_erosion,1.6,0.08,0.3,0.21999999999999997,0.7032801219763409,0.5,3.1506690025452064,0.7032801219763409
faster_price_erosion,1.7,0.08,0.3,0.21999999999999997,0.6879769118289795,0.5,3.1506690025452064,0.6879769118289795
faster_price_erosion,1.8,0.08,0.3,0.21999999999999997,0.6730066959373865,0.5,3.1506690025452064,0.6730066959373865
faster_price_erosion,1.9,0.08,0.3,0.21999999999999997,0.6583622284248272,0.5,3.1506690025452064,0.6583622284248272
faster_price_erosion,2.0,0.08,0.3,0.21999999999999997,0.6440364210831414,0.5,3.1506690025452064,0.6440364210831414
faster_price_erosion,2.1,0.08,0.3,0.21999999999999997,0.6300223399419124,0.5,3.1506690025452064,0.6300223399419124
faster_price_erosion,2.2,0.08,0.3,0.21999999999999997,0.6163132019122897,0.5,3.1506690025452064,0.6163132019122897
faster_price_erosion,2.3,0.08,0.3,0.21999999999999997,0.6029023715038422,0.5,3.1506690025452064,0.6029023715038422
faster_price_erosion,2.4,0.08,0.3,0.21999999999999997,0.5897833576128505,0.5,3.1506690025452064,0.5897833576128505
faster_price_erosion,2.5,0.08,0.3,0.21999999999999997,0.5769498103804868,0.5,3.1506690025452064,0.5769498103804868
faster_price_erosion,2.6,0.08,0.3,0.21999999999999997,0.5643955181193584,0.5,3.1506690025452064,0.5643955181193584
faster_price_erosion,2.7,0.08,0.3,0.21999999999999997,0.5521144043069306,0.5,3.1506690025452064,0.5521144043069306
faster_price_erosion,2.8,0.08,0.3,0.21999999999999997,0.5401005246443706,0.5,3.1506690025452064,0.5401005246443706
faster_price_erosion,2.9,0.08,0.3,0.21999999999999997,0.5283480641793911,0.5,3.1506690025452064,0.5283480641793911
faster_price_erosion,3.0,0.08,0.3,0.21999999999999997,0.5168513344916993,0.5,3.1506690025452064,0.5168513344916993
faster_price_erosion,3.1,0.08,0.3,0.21999999999999997,0.5056047709396915,0.5,3.1506690025452064,0.5056047709396915
faster_price_erosion,3.2,0.08,0.3,0.21999999999999997,0.494602929967057,0.5,3.1506690025452064,0.494602929967057
faster_price_erosion,3.3,0.08,0.3,0.21999999999999997,0.48384048646799105,0.5,3.1506690025452064,0.48384048646799105
faster_price_erosion,3.4,0.08,0.3,0.21999999999999997,0.47331223120973936,0.5,3.1506690025452064,0.47331223120973936
faster_price_erosion,3.5,0.08,0.3,0.21999999999999997,0.4630130683112281,0.5,3.1506690025452064,0.4630130683112281
faster_price_erosion,3.6,0.08,0.3,0.21999999999999997,0.45293801277655776,0.5,3.1506690025452064,0.45293801277655776
faster_price_erosion,3.7,0.08,0.3,0.21999999999999997,0.4430821880821678,0.5,3.1506690025452064,0.4430821880821678
faster_price_erosion,3.8,0.08,0.3,0.21999999999999997,0.43344082381650434,0.5,3.1506690025452064,0.43344082381650434
faster_price_erosion,3.9,0.08,0.3,0.21999999999999997,0.42400925337104733,0.5,3.1506690025452064,0.42400925337104733
faster_price_erosion,4.0,0.08,0.3,0.21999999999999997,0.41478291168158143,0.5,3.1506690025452064,0.41478291168158143
faster_price_erosion,4.1,0.08,0.3,0.21999999999999997,0.40575733301861555,0.5,3.1506690025452064,0.40575733301861555
faster_price_erosion,4.2,0.08,0.3,0.21999999999999997,0.3969281488258825,0.5,3.1506690025452064,0.3969281488258825
faster_price_erosion,4.3,0.08,0.3,0.21999999999999997,0.38829108560587305,0.5,3.1506690025452064,0.38829108560587305
faster_price_erosion,4.4,0.08,0.3,0.21999999999999997,0.3798419628513787,0.5,3.1506690025452064,0.3798419628513787
faster_price_erosion,4.5,0.08,0.3,0.21999999999999997,0.3715766910220457,0.5,3.1506690025452064,0.3715766910220457
faster_price_erosion,4.6,0.08,0.3,0.21999999999999997,0.3634912695649569,0.5,3.1506690025452064,0.3634912695649569
faster_price_erosion,4.7,0.08,0.3,0.21999999999999997,0.3555817849782862,0.5,3.1506690025452064,0.3555817849782862
faster_price_erosion,4.8,0.08,0.3,0.21999999999999997,0.3478444089170875,0.5,3.1506690025452064,0.3478444089170875
faster_price_erosion,4.9,0.08,0.3,0.21999999999999997,0.3402753963403009,0.5,3.1506690025452064,0.3402753963403009
faster_price_erosion,5.0,0.08,0.3,0.21999999999999997,0.3328710836980796,0.5,3.1506690025452064,0.3328710836980796
faster_price_erosion,5.1,0.08,0.3,0.21999999999999997,0.3256278871585604,0.5,3.1506690025452064,0.3256278871585604
faster_price_erosion,5.2,0.08,0.3,0.21999999999999997,0.318542300873219,0.5,3.1506690025452064,0.318542300873219
faster_price_erosion,5.3,0.08,0.3,0.21999999999999997,0.31161089527997105,0.5,3.1506690025452064,0.31161089527997105
faster_price_erosion,5.4,0.08,0.3,0.21999999999999997,0.30483031544319683,0.5,3.1506690025452064,0.30483031544319683
faster_price_erosion,5.5,0.08,0.3,0.21999999999999997,0.2981972794298874,0.5,3.1506690025452064,0.2981972794298874
faster_price_erosion,5.6,0.08,0.3,0.21999999999999997,0.29170857672112444,0.5,3.1506690025452064,0.29170857672112444
faster_price_erosion,5.7,0.08,0.3,0.21999999999999997,0.2853610666581267,0.5,3.1506690025452064,0.2853610666581267
faster_price_erosion,5.8,0.08,0.3,0.21999999999999997,0.2791516769221099,0.5,3.1506690025452064,0.2791516769221099
faster_price_erosion,5.9,0.08,0.3,0.21999999999999997,0.27307740204722425,0.5,3.1506690025452064,0.27307740204722425
faster_price_erosion,6.0,0.08,0.3,0.21999999999999997,0.2671353019658504,0.5,3.1506690025452064,0.2671353019658504
faster_price_erosion,6.1,0.08,0.3,0.21999999999999997,0.26132250058554946,0.5,3.1506690025452064,0.26132250058554946
faster_price_erosion,6.2,0.08,0.3,0.21999999999999997,0.2556361843969779,0.5,3.1506690025452064,0.2556361843969779
faster_price_erosion,6.3,0.08,0.3,0.21999999999999997,0.25007360111209415,0.5,3.1506690025452064,0.25007360111209415
faster_price_erosion,6.4,0.08,0.3,0.21999999999999997,0.2446320583319975,0.5,3.1506690025452064,0.2446320583319975
faster_price_erosion,6.5,0.08,0.3,0.21999999999999997,0.2393089222437546,0.5,3.1506690025452064,0.2393089222437546
faster_price_erosion,6.6,0.08,0.3,0.21999999999999997,0.23410161634558224,0.5,3.1506690025452064,0.23410161634558224
faster_price_erosion,6.7,0.08,0.3,0.21999999999999997,0.22900762019977056,0.5,3.1506690025452064,0.22900762019977056
faster_price_erosion,6.8,0.08,0.3,0.21999999999999997,0.2240244682127418,0.5,3.1506690025452064,0.2240244682127418
faster_price_erosion,6.9,0.08,0.3,0.21999999999999997,0.21914974844165486,0.5,3.1506690025452064,0.21914974844165486
faster_price_erosion,7.0,0.08,0.3,0.21999999999999997,0.214381101426978,0.5,3.1506690025452064,0.214381101426978
faster_price_erosion,7.1,0.08,0.3,0.21999999999999997,0.20971621905046425,0.5,3.1506690025452064,0.20971621905046425
faster_price_erosion,7.2,0.08,0.3,0.21999999999999997,0.2051528434179772,0.5,3.1506690025452064,0.2051528434179772
faster_price_erosion,7.3,0.08,0.3,0.21999999999999997,0.2006887657666261,0.5,3.1506690025452064,0.2006887657666261
faster_price_erosion,7.4,0.08,0.3,0.21999999999999997,0.19632182539568155,0.5,3.1506690025452064,0.19632182539568155
faster_price_erosion,7.5,0.08,0.3,0.21999999999999997,0.19204990862075413,0.5,3.1506690025452064,0.19204990862075413
faster_price_erosion,7.6,0.08,0.3,0.21999999999999997,0.18787094775072996,0.5,3.1506690025452064,0.18787094775072996
faster_price_erosion,7.7,0.08,0.3,0.21999999999999997,0.18378292008696767,0.5,3.1506690025452064,0.18378292008696767
faster_price_erosion,7.8,0.08,0.3,0.21999999999999997,0.17978384694427302,0.5,3.1506690025452064,0.17978384694427302
faster_price_erosion,7.9,0.08,0.3,0.21999999999999997,0.1758717926931764,0.5,3.1506690025452064,0.1758717926931764
faster_price_erosion,8.0,0.08,0.3,0.21999999999999997,0.17204486382305056,0.5,3.1506690025452064,0.17204486382305056
faster_price_erosion,8.1,0.08,0.3,0.21999999999999997,0.1683012080256144,0.5,3.1506690025452064,0.1683012080256144
faster_price_erosion,8.2,0.08,0.3,0.21999999999999997,0.16463901329837966,0.5,3.1506690025452064,0.16463901329837966
faster_price_erosion,8.3,0.08,0.3,0.21999999999999997,0.16105650706760619,0.5,3.1506690025452064,0.16105650706760619
faster_price_erosion,8.4,0.08,0.3,0.21999999999999997,0.15755195533034194,0.5,3.1506690025452064,0.15755195533034194
faster_price_erosion,8.5,0.08,0.3,0.21999999999999997,0.15412366181513149,0.5,3.1506690025452064,0.15412366181513149
faster_price_erosion,8.6,0.08,0.3,0.21999999999999997,0.15076996716098742,0.5,3.1506690025452064,0.15076996716098742
faster_price_erosion,8.7,0.08,0.3,0.21999999999999997,0.14748924811422756,0.5,3.1506690025452064,0.14748924811422756
faster_price_erosion,8.8,0.08,0.3,0.21999999999999997,0.14427991674278817,0.5,3.1506690025452064,0.14427991674278817
faster_price_erosion,8.9,0.08,0.3,0.21999999999999997,0.14114041966763413,0.5,3.1506690025452064,0.14114041966763413
faster_price_erosion,9.0,0.08,0.3,0.21999999999999997,0.13806923731089285,0.5,3.1506690025452064,0.13806923731089285
faster_price_erosion,9.1,0.08,0.3,0.21999999999999997,0.13506488316034912,0.5,3.1506690025452064,0.13506488316034912
faster_price_erosion,9.2,0.08,0.3,0.21999999999999997,0.13212590304994418,0.5,3.1506690025452064,0.13212590304994418
faster_price_erosion,9.3,0.08,0.3,0.21999999999999997,0.12925087445593073,0.5,3.1506690025452064,0.12925087445593073
faster_price_erosion,9.4,0.08,0.3,0.21999999999999997,0.12643840580834415,0.5,3.1506690025452064,0.12643840580834415
faster_price_erosion,9.5,0.08,0.3,0.21999999999999997,0.12368713581745483,0.5,3.1506690025452064,0.12368713581745483
faster_price_erosion,9.6,0.08,0.3,0.21999999999999997,0.12099573281487798,0.5,3.1506690025452064,0.12099573281487798
faster_price_erosion,9.7,0.08,0.3,0.21999999999999997,0.11836289410901966,0.5,3.1506690025452064,0.11836289410901966
faster_price_erosion,9.8,0.08,0.3,0.21999999999999997,0.11578734535454886,0.5,3.1506690025452064,0.11578734535454886
faster_price_erosion,9.9,0.08,0.3,0.21999999999999997,0.11326783993558948,0.5,3.1506690025452064,0.11326783993558948
faster_price_erosion,10.0,0.08,0.3,0.21999999999999997,0.11080315836233391,0.5,3.1506690025452064,0.11080315836233391
faster_price_erosion,10.1,0.08,0.3,0.21999999999999997,0.108392107680786,0.5,3.1506690025452064,0.108392107680786
faster_price_erosion,10.2,0.08,0.3,0.21999999999999997,0.10603352089534814,0.5,3.1506690025452064,0.10603352089534814
faster_price_erosion,10.3,0.08,0.3,0.21999999999999997,0.10372625640397273,0.5,3.1506690025452064,0.10372625640397273
faster_price_erosion,10.4,0.08,0.3,0.21999999999999997,0.10146919744560438,0.5,3.1506690025452064,0.10146919744560438
faster_price_erosion,10.5,0.08,0.3,0.21999999999999997,0.0992612515596457,0.5,3.1506690025452064,0.0992612515596457
faster_price_erosion,10.6,0.08,0.3,0.21999999999999997,0.09710135005718508,0.5,3.1506690025452064,0.09710135005718508
faster_price_erosion,10.7,0.08,0.3,0.21999999999999997,0.09498844750373057,0.5,3.1506690025452064,0.09498844750373057
faster_price_erosion,10.8,0.08,0.3,0.21999999999999997,0.0929215212131989,0.5,3.1506690025452064,0.0929215212131989
faster_price_erosion,10.9,0.08,0.3,0.21999999999999997,0.09089957075291571,0.5,3.1506690025452064,0.09089957075291571
faster_price_erosion,11.0,0.08,0.3,0.21999999999999997,0.08892161745938634,0.5,3.1506690025452064,0.08892161745938634
faster_price_erosion,11.1,0.08,0.3,0.21999999999999997,0.0869867039646039,0.5,3.1506690025452064,0.0869867039646039
faster_price_erosion,11.2,0.08,0.3,0.21999999999999997,0.08509389373266416,0.5,3.1506690025452064,0.08509389373266416
faster_price_erosion,11.3,0.08,0.3,0.21999999999999997,0.08324227060646405,0.5,3.1506690025452064,0.08324227060646405
faster_price_erosion,11.4,0.08,0.3,0.21999999999999997,0.08143093836426385,0.5,3.1506690025452064,0.08143093836426385
faster_price_erosion,11.5,0.08,0.3,0.21999999999999997,0.07965902028589804,0.5,3.1506690025452064,0.07965902028589804
faster_price_erosion,11.6,0.08,0.3,0.21999999999999997,0.07792565872842602,0.5,3.1506690025452064,0.07792565872842602
faster_price_erosion,11.7,0.08,0.3,0.21999999999999997,0.07623001471101587,0.5,3.1506690025452064,0.07623001471101587
faster_price_erosion,11.8,0.08,0.3,0.21999999999999997,0.07457126750886134,0.5,3.1506690025452064,0.07457126750886134
faster_price_erosion,11.9,0.08,0.3,0.21999999999999997,0.07294861425593517,0.5,3.1506690025452064,0.07294861425593517
faster_price_erosion,12.0,0.08,0.3,0.21999999999999997,0.07136126955638608,0.5,3.1506690025452064,0.07136126955638608
faster_price_erosion,12.1,0.08,0.3,0.21999999999999997,0.0698084651043919,0.5,3.1506690025452064,0.0698084651043919
faster_price_erosion,12.2,0.08,0.3,0.21999999999999997,0.0682894493122845,0.5,3.1506690025452064,0.0682894493122845
faster_price_erosion,12.3,0.08,0.3,0.21999999999999997,0.06680348694676687,0.5,3.1506690025452064,0.06680348694676687
faster_price_erosion,12.4,0.08,0.3,0.21999999999999997,0.06534985877304568,0.5,3.1506690025452064,0.06534985877304568
faster_price_erosion,12.5,0.08,0.3,0.21999999999999997,0.0639278612067076,0.5,3.1506690025452064,0.0639278612067076
faster_price_erosion,12.6,0.08,0.3,0.21999999999999997,0.06253680597317077,0.5,3.1506690025452064,0.06253680597317077
faster_price_erosion,12.7,0.08,0.3,0.21999999999999997,0.061176019774546495,0.5,3.1506690025452064,0.061176019774546495
faster_price_erosion,12.8,0.08,0.3,0.21999999999999997,0.059844843963749825,0.5,3.1506690025452064,0.059844843963749825
faster_price_erosion,12.9,0.08,0.3,0.21999999999999997,0.05854263422570163,0.5,3.1506690025452064,0.05854263422570163
faster_price_erosion,13.0,0.08,0.3,0.21999999999999997,0.057268760265467386,0.5,3.1506690025452064,0.057268760265467386
faster_price_erosion,13.1,0.08,0.3,0.21999999999999997,0.0560226055031822,0.5,3.1506690025452064,0.0560226055031822
faster_price_erosion,13.2,0.08,0.3,0.21999999999999997,0.054803566775614175,0.5,3.1506690025452064,0.054803566775614175
faster_price_erosion,13.3,0.08,0.3,0.21999999999999997,0.053611054044221486,0.5,3.1506690025452064,0.053611054044221486
faster_price_erosion,13.4,0.08,0.3,0.21999999999999997,0.05244449010956236,0.5,3.1506690025452064,0.05244449010956236
faster_price_erosion,13.5,0.08,0.3,0.21999999999999997,0.051303310331919136,0.5,3.1506690025452064,0.051303310331919136
faster_price_erosion,13.6,0.08,0.3,0.21999999999999997,0.050186962358001755,0.5,3.1506690025452064,0.050186962358001755
faster_price_erosion,13.7,0.08,0.3,0.21999999999999997,0.04909490585359788,0.5,3.1506690025452064,0.04909490585359788
faster_price_erosion,13.8,0.08,0.3,0.21999999999999997,0.048026612242040606,0.5,3.1506690025452064,0.048026612242040606
faster_price_erosion,13.9,0.08,0.3,0.21999999999999997,0.04698156444836711,0.5,3.1506690025452064,0.04698156444836711
faster_price_erosion,14.0,0.08,0.3,0.21999999999999997,0.045959256649044225,0.5,3.1506690025452064,0.045959256649044225
faster_price_erosion,14.1,0.08,0.3,0.21999999999999997,0.04495919402713992,0.5,3.1506690025452064,0.04495919402713992
faster_price_erosion,14.2,0.08,0.3,0.21999999999999997,0.04398089253282231,0.5,3.1506690025452064,0.04398089253282231
faster_price_erosion,14.3,0.08,0.3,0.21999999999999997,0.04302387864907009,0.5,3.1506690025452064,0.04302387864907009
faster_price_erosion,14.4,0.08,0.3,0.21999999999999997,0.04208768916248107,0.5,3.1506690025452064,0.04208768916248107
faster_price_erosion,14.5,0.08,0.3,0.21999999999999997,0.04117187093906775,0.5,3.1506690025452064,0.04117187093906775
faster_price_erosion,14.6,0.08,0.3,0.21999999999999997,0.04027598070493171,0.5,3.1506690025452064,0.04027598070493171
faster_price_erosion,14.7,0.08,0.3,0.21999999999999997,0.03939958483171041,0.5,3.1506690025452064,0.03939958483171041
faster_price_erosion,14.8,0.08,0.3,0.21999999999999997,0.03854225912669247,0.5,3.1506690025452064,0.03854225912669247
faster_price_erosion,14.9,0.08,0.3,0.21999999999999997,0.0377035886275003,0.5,3.1506690025452064,0.0377035886275003
faster_price_erosion,15.0,0.08,0.3,0.21999999999999997,0.036883167401240015,0.5,3.1506690025452064,0.036883167401240015
faster_price_erosion,15.1,0.08,0.3,0.21999999999999997,0.036080598348022165,0.5,3.1506690025452064,0.036080598348022165
faster_price_erosion,15.2,0.08,0.3,0.21999999999999997,0.03529549300875751,0.5,3.1506690025452064,0.03529549300875751
faster_price_erosion,15.3,0.08,0.3,0.21999999999999997,0.03452747137713528,0.5,3.1506690025452064,0.03452747137713528
faster_price_erosion,15.4,0.08,0.3,0.21999999999999997,0.03377616171569275,0.5,3.1506690025452064,0.03377616171569275
faster_price_erosion,15.5,0.08,0.3,0.21999999999999997,0.033041200375886946,0.5,3.1506690025452064,0.033041200375886946
faster_price_erosion,15.6,0.08,0.3,0.21999999999999997,0.03232223162208179,0.5,3.1506690025452064,0.03232223162208179
faster_price_erosion,15.7,0.08,0.3,0.21999999999999997,0.031618907459364944,0.5,3.1506690025452064,0.031618907459364944
faster_price_erosion,15.8,0.08,0.3,0.21999999999999997,0.030930887465111617,0.5,3.1506690025452064,0.030930887465111617
faster_price_erosion,15.9,0.08,0.3,0.21999999999999997,0.030257838624213308,0.5,3.1506690025452064,0.030257838624213308
faster_price_erosion,16.0,0.08,0.3,0.21999999999999997,0.029599435167892013,0.5,3.1506690025452064,0.029599435167892013
faster_price_erosion,16.1,0.08,0.3,0.21999999999999997,0.028955358416021728,0.5,3.1506690025452064,0.028955358416021728
faster_price_erosion,16.2,0.08,0.3,0.21999999999999997,0.028325296622881135,0.5,3.1506690025452064,0.028325296622881135
faster_price_erosion,16.3,0.08,0.3,0.21999999999999997,0.02770894482626248,0.5,3.1506690025452064,0.02770894482626248
faster_price_erosion,16.4,0.08,0.3,0.21999999999999997,0.027106004699864038,0.5,3.1506690025452064,0.027106004699864038
faster_price_erosion,16.5,0.08,0.3,0.21999999999999997,0.026516184408894194,0.5,3.1506690025452064,0.026516184408894194
faster_price_erosion,16.6,0.08,0.3,0.21999999999999997,0.02593919846881788,0.5,3.1506690025452064,0.02593919846881788
faster_price_erosion,16.7,0.08,0.3,0.21999999999999997,0.025374767607176395,0.5,3.1506690025452064,0.025374767607176395
faster_price_erosion,16.8,0.08,0.3,0.21999999999999997,0.02482261862841406,0.5,3.1506690025452064,0.02482261862841406
faster_price_erosion,16.9,0.08,0.3,0.21999999999999997,0.024282484281646335,0.5,3.1506690025452064,0.024282484281646335
faster_price_erosion,17.0,0.08,0.3,0.21999999999999997,0.023754103131305018,0.5,3.1506690025452064,0.023754103131305018
faster_price_erosion,17.1,0.08,0.3,0.21999999999999997,0.023237219430598487,0.5,3.1506690025452064,0.023237219430598487
faster_price_erosion,17.2,0.08,0.3,0.21999999999999997,0.022731582997725226,0.5,3.1506690025452064,0.022731582997725226
faster_price_erosion,17.3,0.08,0.3,0.21999999999999997,0.022236949094780807,0.5,3.1506690025452064,0.022236949094780807
faster_price_erosion,17.4,0.08,0.3,0.21999999999999997,0.021753078309300174,0.5,3.1506690025452064,0.021753078309300174
faster_price_erosion,17.5,0.08,0.3,0.21999999999999997,0.021279736438377175,0.5,3.1506690025452064,0.021279736438377175
faster_price_erosion,17.6,0.08,0.3,0.21999999999999997,0.020816694375305884,0.5,3.1506690025452064,0.020816694375305884
faster_price_erosion,17.7,0.08,0.3,0.21999999999999997,0.020363727998688443,0.5,3.1506690025452064,0.020363727998688443
faster_price_erosion,17.8,0.08,0.3,0.21999999999999997,0.019920618063955883,0.5,3.1506690025452064,0.019920618063955883
faster_price_erosion,17.9,0.08,0.3,0.21999999999999997,0.01948715009724959,0.5,3.1506690025452064,0.01948715009724959
faster_price_erosion,18.0,0.08,0.3,0.21999999999999997,0.019063114291611644,0.5,3.1506690025452064,0.019063114291611644
faster_price_erosion,18.1,0.08,0.3,0.21999999999999997,0.018648305405434253,0.5,3.1506690025452064,0.018648305405434253
faster_price_erosion,18.2,0.08,0.3,0.21999999999999997,0.01824252266311876,0.5,3.1506690025452064,0.01824252266311876
faster_price_erosion,18.3,0.08,0.3,0.21999999999999997,0.017845569657896316,0.5,3.1506690025452064,0.017845569657896316
faster_price_erosion,18.4,0.08,0.3,0.21999999999999997,0.017457254256763245,0.5,3.1506690025452064,0.017457254256763245
faster_price_erosion,18.5,0.08,0.3,0.21999999999999997,0.01707738850748481,0.5,3.1506690025452064,0.01707738850748481
faster_price_erosion,18.6,0.08,0.3,0.21999999999999997,0.01670578854762277,0.5,3.1506690025452064,0.01670578854762277
faster_price_erosion,18.7,0.08,0.3,0.21999999999999997,0.01634227451554232,0.5,3.1506690025452064,0.01634227451554232
faster_price_erosion,18.8,0.08,0.3,0.21999999999999997,0.015986670463355515,0.5,3.1506690025452064,0.015986670463355515
faster_price_erosion,18.9,0.08,0.3,0.21999999999999997,0.015638804271759132,0.5,3.1506690025452064,0.015638804271759132
faster_price_erosion,19.0,0.08,0.3,0.21999999999999997,0.015298507566725518,0.5,3.1506690025452064,0.015298507566725518
faster_price_erosion,19.1,0.08,0.3,0.21999999999999997,0.014965615638006283,0.5,3.1506690025452064,0.014965615638006283
faster_price_erosion,19.2,0.08,0.3,0.21999999999999997,0.014639967359409341,0.5,3.1506690025452064,0.014639967359409341
faster_price_erosion,19.3,0.08,0.3,0.21999999999999997,0.014321405110810632,0.5,3.1506690025452064,0.014321405110810632
faster_price_erosion,19.4,0.08,0.3,0.21999999999999997,0.014009774701863003,0.5,3.1506690025452064,0.014009774701863003
faster_price_erosion,19.5,0.08,0.3,0.21999999999999997,0.013704925297364957,0.5,3.1506690025452064,0.013704925297364957
faster_price_erosion,19.6,0.08,0.3,0.21999999999999997,0.013406709344253568,0.5,3.1506690025452064,0.013406709344253568
faster_price_erosion,19.7,0.08,0.3,0.21999999999999997,0.01311498250018586,0.5,3.1506690025452064,0.01311498250018586
faster_price_erosion,19.8,0.08,0.3,0.21999999999999997,0.01282960356367432,0.5,3.1506690025452064,0.01282960356367432
faster_price_erosion,19.9,0.08,0.3,0.21999999999999997,0.012550434405742616,0.5,3.1506690025452064,0.012550434405742616
faster_price_erosion,20.0,0.08,0.3,0.21999999999999997,0.012277339903068448,0.5,3.1506690025452064,0.012277339903068448
faster_price_erosion,20.1,0.08,0.3,0.21999999999999997,0.012010187872581275,0.5,3.1506690025452064,0.012010187872581275
faster_price_erosion,20.2,0.08,0.3,0.21999999999999997,0.011748849007483107,0.5,3.1506690025452064,0.011748849007483107
faster_price_erosion,20.3,0.08,0.3,0.21999999999999997,0.011493196814661448,0.5,3.1506690025452064,0.011493196814661448
faster_price_erosion,20.4,0.08,0.3,0.21999999999999997,0.01124310755346423,0.5,3.1506690025452064,0.01124310755346423
faster_price_erosion,20.5,0.08,0.3,0.21999999999999997,0.010998460175806881,0.5,3.1506690025452064,0.010998460175806881
faster_price_erosion,20.6,0.08,0.3,0.21999999999999997,0.010759136267582695,0.5,3.1506690025452064,0.010759136267582695
faster_price_erosion,20.7,0.08,0.3,0.21999999999999997,0.010525019991348101,0.5,3.1506690025452064,0.010525019991348101
faster_price_erosion,20.8,0.08,0.3,0.21999999999999997,0.010295998030255047,0.5,3.1506690025452064,0.010295998030255047
faster_price_erosion,20.9,0.08,0.3,0.21999999999999997,0.0100719595332035,0.5,3.1506690025452064,0.0100719595332035
faster_price_erosion,21.0,0.08,0.3,0.21999999999999997,0.009852796061187266,0.5,3.1506690025452064,0.009852796061187266
faster_price_erosion,21.1,0.08,0.3,0.21999999999999997,0.009638401534807465,0.5,3.1506690025452064,0.009638401534807465
faster_price_erosion,21.2,0.08,0.3,0.21999999999999997,0.009428672182927995,0.5,3.1506690025452064,0.009428672182927995
faster_price_erosion,21.3,0.08,0.3,0.21999999999999997,0.009223506492448286,0.5,3.1506690025452064,0.009223506492448286
faster_price_erosion,21.4,0.08,0.3,0.21999999999999997,0.009022805159168978,0.5,3.1506690025452064,0.009022805159168978
faster_price_erosion,21.5,0.08,0.3,0.21999999999999997,0.00882647103972673,0.5,3.1506690025452064,0.00882647103972673
faster_price_erosion,21.6,0.08,0.3,0.21999999999999997,0.008634409104574973,0.5,3.1506690025452064,0.008634409104574973
faster_price_erosion,21.7,0.08,0.3,0.21999999999999997,0.008446526391987735,0.5,3.1506690025452064,0.008446526391987735
faster_price_erosion,21.8,0.08,0.3,0.21999999999999997,0.008262731963064329,0.5,3.1506690025452064,0.008262731963064329
faster_price_erosion,21.9,0.08,0.3,0.21999999999999997,0.008082936857713201,0.5,3.1506690025452064,0.008082936857713201
faster_price_erosion,22.0,0.08,0.3,0.21999999999999997,0.007907054051593441,0.5,3.1506690025452064,0.007907054051593441
faster_price_erosion,22.1,0.08,0.3,0.21999999999999997,0.007734998413993389,0.5,3.1506690025452064,0.007734998413993389
faster_price_erosion,22.2,0.08,0.3,0.21999999999999997,0.0075666866666256345,0.5,3.1506690025452064,0.0075666866666256345
faster_price_erosion,22.3,0.08,0.3,0.21999999999999997,0.0074020373433187165,0.5,3.1506690025452064,0.0074020373433187165
faster_price_erosion,22.4,0.08,0.3,0.21999999999999997,0.00724097075058594,0.5,3.1506690025452064,0.00724097075058594
faster_price_erosion,22.5,0.08,0.3,0.21999999999999997,0.007083408929052125,0.5,3.1506690025452064,0.007083408929052125
faster_price_erosion,22.6,0.08,0.3,0.21999999999999997,0.006929275615719789,0.5,3.1506690025452064,0.006929275615719789
faster_price_erosion,22.7,0.08,0.3,0.21999999999999997,0.006778496207056349,0.5,3.1506690025452064,0.006778496207056349
faster_price_erosion,22.8,0.08,0.3,0.21999999999999997,0.006630997722884537,0.5,3.1506690025452064,0.006630997722884537
faster_price_erosion,22.9,0.08,0.3,0.21999999999999997,0.006486708771058607,0.5,3.1506690025452064,0.006486708771058607
faster_price_erosion,23.0,0.08,0.3,0.21999999999999997,0.006345559512909116,0.5,3.1506690025452064,0.006345559512909116
faster_price_erosion,23.1,0.08,0.3,0.21999999999999997,0.006207481629439654,0.5,3.1506690025452064,0.006207481629439654
faster_price_erosion,23.2,0.08,0.3,0.21999999999999997,0.006072408288259119,0.5,3.1506690025452064,0.006072408288259119
faster_price_erosion,23.3,0.08,0.3,0.21999999999999997,0.005940274111233515,0.5,3.1506690025452064,0.005940274111233515
faster_price_erosion,23.4,0.08,0.3,0.21999999999999997,0.005811015142841696,0.5,3.1506690025452064,0.005811015142841696
faster_price_erosion,23.5,0.08,0.3,0.21999999999999997,0.0056845688192196,0.5,3.1506690025452064,0.0056845688192196
faster_price_erosion,23.6,0.08,0.3,0.21999999999999997,0.00556087393787816,0.5,3.1506690025452064,0.00556087393787816
faster_price_erosion,23.7,0.08,0.3,0.21999999999999997,0.005439870628080078,0.5,3.1506690025452064,0.005439870628080078
faster_price_erosion,23.8,0.08,0.3,0.21999999999999997,0.005321500321861228,0.5,3.1506690025452064,0.005321500321861228
faster_price_erosion,23.9,0.08,0.3,0.21999999999999997,0.0052057057256826205,0.5,3.1506690025452064,0.0052057057256826205
faster_price_erosion,24.0,0.08,0.3,0.21999999999999997,0.005092430792699196,0.5,3.1506690025452064,0.005092430792699196
faster_price_erosion,24.1,0.08,0.3,0.21999999999999997,0.00498162069563208,0.5,3.1506690025452064,0.00498162069563208
faster_price_erosion,24.2,0.08,0.3,0.21999999999999997,0.004873221800231101,0.5,3.1506690025452064,0.004873221800231101
faster_price_erosion,24.3,0.08,0.3,0.21999999999999997,0.004767181639314752,0.5,3.1506690025452064,0.004767181639314752
faster_price_erosion,24.4,0.08,0.3,0.21999999999999997,0.004663448887375075,0.5,3.1506690025452064,0.004663448887375075
faster_price_erosion,24.5,0.08,0.3,0.21999999999999997,0.004561973335735096,0.5,3.1506690025452064,0.004561973335735096
faster_price_erosion,24.6,0.08,0.3,0.21999999999999997,0.004462705868246852,0.5,3.1506690025452064,0.004462705868246852
faster_price_erosion,24.7,0.08,0.3,0.21999999999999997,0.004365598437518218,0.5,3.1506690025452064,0.004365598437518218
faster_price_erosion,24.8,0.08,0.3,0.21999999999999997,0.004270604041657015,0.5,3.1506690025452064,0.004270604041657015
faster_price_erosion,24.9,0.08,0.3,0.21999999999999997,0.004177676701521209,0.5,3.1506690025452064,0.004177676701521209
faster_price_erosion,25.0,0.08,0.3,0.21999999999999997,0.004086771438464071,0.5,3.1506690025452064,0.004086771438464071
faster_price_erosion,25.1,0.08,0.3,0.21999999999999997,0.003997844252563663,0.5,3.1506690025452064,0.003997844252563663
faster_price_erosion,25.2,0.08,0.3,0.21999999999999997,0.003910852101326006,0.5,3.1506690025452064,0.003910852101326006
faster_price_erosion,25.3,0.08,0.3,0.21999999999999997,0.0038257528788516702,0.5,3.1506690025452064,0.0038257528788516702
faster_price_erosion,25.4,0.08,0.3,0.21999999999999997,0.0037425053954557035,0.5,3.1506690025452064,0.0037425053954557035
faster_price_erosion,25.5,0.08,0.3,0.21999999999999997,0.0036610693577310083,0.5,3.1506690025452064,0.0036610693577310083
faster_price_erosion,25.6,0.08,0.3,0.21999999999999997,0.0035814053490455635,0.5,3.1506690025452064,0.0035814053490455635
faster_price_erosion,25.7,0.08,0.3,0.21999999999999997,0.0035034748104639953,0.5,3.1506690025452064,0.0035034748104639953
faster_price_erosion,25.8,0.08,0.3,0.21999999999999997,0.0034272400220842912,0.5,3.1506690025452064,0.0034272400220842912
faster_price_erosion,25.9,0.08,0.3,0.21999999999999997,0.003352664084780654,0.5,3.1506690025452064,0.003352664084780654
faster_price_erosion,26.0,0.08,0.3,0.21999999999999997,0.003279710902343576,0.5,3.1506690025452064,0.003279710902343576
faster_price_erosion,26.1,0.08,0.3,0.21999999999999997,0.0032083451640085923,0.5,3.1506690025452064,0.0032083451640085923
faster_price_erosion,26.2,0.08,0.3,0.21999999999999997,0.0031385323273651804,0.5,3.1506690025452064,0.0031385323273651804
faster_price_erosion,26.3,0.08,0.3,0.21999999999999997,0.0030702386016375344,0.5,3.1506690025452064,0.0030702386016375344
faster_price_erosion,26.4,0.08,0.3,0.21999999999999997,0.003003430931329202,0.5,3.1506690025452064,0.003003430931329202
faster_price_erosion,26.5,0.08,0.3,0.21999999999999997,0.002938076980223553,0.5,3.1506690025452064,0.002938076980223553
faster_price_erosion,26.6,0.08,0.3,0.21999999999999997,0.002874145115732437,0.5,3.1506690025452064,0.002874145115732437
faster_price_erosion,26.7,0.08,0.3,0.21999999999999997,0.0028116043935853883,0.5,3.1506690025452064,0.0028116043935853883
faster_price_erosion,26.8,0.08,0.3,0.21999999999999997,0.0027504245428519843,0.5,3.1506690025452064,0.0027504245428519843
faster_price_erosion,26.9,0.08,0.3,0.21999999999999997,0.0026905759512901414,0.5,3.1506690025452064,0.0026905759512901414
faster_price_erosion,27.0,0.08,0.3,0.21999999999999997,0.0026320296510132005,0.5,3.1506690025452064,0.0026320296510132005
faster_price_erosion,27.1,0.08,0.3,0.21999999999999997,0.002574757304468907,0.5,3.1506690025452064,0.002574757304468907
faster_price_erosion,27.2,0.08,0.3,0.21999999999999997,0.0025187311907234854,0.5,3.1506690025452064,0.0025187311907234854
faster_price_erosion,27.3,0.08,0.3,0.21999999999999997,0.002463924192044156,0.5,3.1506690025452064,0.002463924192044156
faster_price_erosion,27.4,0.08,0.3,0.21999999999999997,0.002410309780773639,0.5,3.1506690025452064,0.002410309780773639
faster_price_erosion,27.5,0.08,0.3,0.21999999999999997,0.0023578620064902346,0.5,3.1506690025452064,0.0023578620064902346
faster_price_erosion,27.6,0.08,0.3,0.21999999999999997,0.0023065554834473243,0.5,3.1506690025452064,0.0023065554834473243
faster_price_erosion,27.7,0.08,0.3,0.21999999999999997,0.0022563653782861678,0.5,3.1506690025452064,0.0022563653782861678
faster_price_erosion,27.8,0.08,0.3,0.21999999999999997,0.0022072673980160725,0.5,3.1506690025452064,0.0022072673980160725
faster_price_erosion,27.9,0.08,0.3,0.21999999999999997,0.002159237778256117,0.5,3.1506690025452064,0.002159237778256117
faster_price_erosion,28.0,0.08,0.3,0.21999999999999997,0.002112253271732716,0.5,3.1506690025452064,0.002112253271732716
faster_price_erosion,28.1,0.08,0.3,0.21999999999999997,0.0020662911370274988,0.5,3.1506690025452064,0.0020662911370274988
faster_price_erosion,28.2,0.08,0.3,0.21999999999999997,0.002021329127570014,0.5,3.1506690025452064,0.002021329127570014
faster_price_erosion,28.3,0.08,0.3,0.21999999999999997,0.0019773454808699473,0.5,3.1506690025452064,0.0019773454808699473
faster_price_erosion,28.4,0.08,0.3,0.21999999999999997,0.0019343189079836648,0.5,3.1506690025452064,0.0019343189079836648
faster_price_erosion,28.5,0.08,0.3,0.21999999999999997,0.0018922285832099397,0.5,3.1506690025452064,0.0018922285832099397
faster_price_erosion,28.6,0.08,0.3,0.21999999999999997,0.001851054134009909,0.5,3.1506690025452064,0.001851054134009909
faster_price_erosion,28.7,0.08,0.3,0.21999999999999997,0.0018107756311463688,0.5,3.1506690025452064,0.0018107756311463688
faster_price_erosion,28.8,0.08,0.3,0.21999999999999997,0.0017713735790376266,0.5,3.1506690025452064,0.0017713735790376266
faster_price_erosion,28.9,0.08,0.3,0.21999999999999997,0.001732828906321272,0.5,3.1506690025452064,0.001732828906321272
faster_price_erosion,29.0,0.08,0.3,0.21999999999999997,0.001695122956623252,0.5,3.1506690025452064,0.001695122956623252
faster_price_erosion,29.1,0.08,0.3,0.21999999999999997,0.0016582374795278318,0.5,3.1506690025452064,0.0016582374795278318
faster_price_erosion,29.2,0.08,0.3,0.21999999999999997,0.001622154621744032,0.5,3.1506690025452064,0.001622154621744032
faster_price_erosion,29.3,0.08,0.3,0.21999999999999997,0.0015868569184642881,0.5,3.1506690025452064,0.0015868569184642881
faster_price_erosion,29.4,0.08,0.3,0.21999999999999997,0.001552327284911145,0.5,3.1506690025452064,0.001552327284911145
faster_price_erosion,29.5,0.08,0.3,0.21999999999999997,0.0015185490080678848,0.5,3.1506690025452064,0.0015185490080678848
faster_price_erosion,29.6,0.08,0.3,0.21999999999999997,0.0014855057385891092,0.5,3.1506690025452064,0.0014855057385891092
faster_price_erosion,29.7,0.08,0.3,0.21999999999999997,0.0014531814828873326,0.5,3.1506690025452064,0.0014531814828873326
faster_price_erosion,29.8,0.08,0.3,0.21999999999999997,0.0014215605953917698,0.5,3.1506690025452064,0.0014215605953917698
faster_price_erosion,29.9,0.08,0.3,0.21999999999999997,0.001390627770975584,0.5,3.1506690025452064,0.001390627770975584
faster_price_erosion,30.0,0.08,0.3,0.21999999999999997,0.0013603680375478939,0.5,3.1506690025452064,0.0013603680375478939
